state_code,person_id,age_group,facility,gender,admission_reason,race,length_of_stay
US_OZ,0003282596,<25,FACILITY_1,MALE,NEW_ADMISSION,BLACK,months_3_6
US_OZ,0006852232,<25,FACILITY_1,MALE,NEW_ADMISSION,WHITE,months_3_6
US_OZ,0004003247,<25,FACILITY_1,MALE,NEW_ADMISSION,BLACK,months_9_12
US_OZ,0005934785,<25,FACILITY_1,MALE,NEW_ADMISSION,BLACK,months_9_12
US_OZ,0002510463,<25,FACILITY_1,MALE,NEW_ADMISSION,WHITE,months_9_12
US_OZ,0001248321,<25,FACILITY_1,MALE,NEW_ADMISSION,WHITE,months_9_12
US_OZ,0006942580,<25,FACILITY_1,MALE,NEW_ADMISSION,BLACK,months_12_18
US_OZ,0003531145,<25,FACILITY_1,MALE,NEW_ADMISSION,WHITE,months_12_18
US_OZ,0004577373,<25,FACILITY_1,MALE,NEW_ADMISSION,WHITE,months_12_18
US_OZ,0001455324,<25,FACILITY_1,MALE,NEW_ADMISSION,HISPANIC,months_18_24
US_OZ,0001736244,<25,FACILITY_1,FEMALE,NEW_ADMISSION,BLACK,months_3_6
US_OZ,0000902547,<25,FACILITY_1,FEMALE,NEW_ADMISSION,HISPANIC,months_9_12
US_OZ,0003624261,<25,FACILITY_1,FEMALE,NEW_ADMISSION,HISPANIC,months_9_12
US_OZ,0000720064,<25,FACILITY_1,FEMALE,NEW_ADMISSION,BLACK,months_12_18
US_OZ,0003519475,<25,FACILITY_1,FEMALE,NEW_ADMISSION,BLACK,months_12_18
US_OZ,0000127010,<25,FACILITY_1,FEMALE,NEW_ADMISSION,HISPANIC,months_12_18
US_OZ,0005723888,<25,FACILITY_1,FEMALE,NEW_ADMISSION,HISPANIC,months_12_18
US_OZ,0004038728,<25,FACILITY_1,FEMALE,NEW_ADMISSION,WHITE,months_12_18
US_OZ,0009336990,<25,FACILITY_1,FEMALE,NEW_ADMISSION,WHITE,months_12_18
US_OZ,0009786204,<25,FACILITY_1,FEMALE,NEW_ADMISSION,BLACK,months_18_24
US_OZ,0004057832,<25,FACILITY_1,FEMALE,NEW_ADMISSION,BLACK,months_18_24
US_OZ,0006652165,<25,FACILITY_1,FEMALE,NEW_ADMISSION,WHITE,months_18_24
US_OZ,0009970932,<25,FACILITY_1,FEMALE,NEW_ADMISSION,WHITE,months_18_24
US_OZ,0001569516,<25,FACILITY_2,MALE,NEW_ADMISSION,HISPANIC,months_3_6
US_OZ,0000210092,<25,FACILITY_2,MALE,NEW_ADMISSION,WHITE,months_3_6
US_OZ,0000968869,<25,FACILITY_2,MALE,NEW_ADMISSION,WHITE,months_3_6
US_OZ,0009387978,<25,FACILITY_2,MALE,NEW_ADMISSION,BLACK,months_9_12
US_OZ,0000931681,<25,FACILITY_2,MALE,NEW_ADMISSION,HISPANIC,months_9_12
US_OZ,0008634685,<25,FACILITY_2,MALE,NEW_ADMISSION,WHITE,months_9_12
US_OZ,0001645827,<25,FACILITY_2,MALE,NEW_ADMISSION,HISPANIC,months_12_18
US_OZ,0004014873,<25,FACILITY_2,MALE,NEW_ADMISSION,HISPANIC,months_12_18
US_OZ,0009110232,<25,FACILITY_2,MALE,NEW_ADMISSION,WHITE,months_12_18
US_OZ,0009173552,<25,FACILITY_2,MALE,NEW_ADMISSION,WHITE,months_12_18
US_OZ,0007065622,<25,FACILITY_2,MALE,NEW_ADMISSION,BLACK,months_18_24
US_OZ,0000820814,<25,FACILITY_2,MALE,NEW_ADMISSION,BLACK,months_18_24
US_OZ,0002869616,<25,FACILITY_2,MALE,NEW_ADMISSION,WHITE,months_18_24
US_OZ,0002724211,<25,FACILITY_2,MALE,NEW_ADMISSION,WHITE,months_18_24
US_OZ,0001370680,<25,FACILITY_2,FEMALE,NEW_ADMISSION,BLACK,months_3_6
US_OZ,0005463529,<25,FACILITY_2,FEMALE,NEW_ADMISSION,BLACK,months_3_6
US_OZ,0006406456,<25,FACILITY_2,FEMALE,NEW_ADMISSION,BLACK,months_9_12
US_OZ,0001595297,<25,FACILITY_2,FEMALE,NEW_ADMISSION,BLACK,months_9_12
US_OZ,0008433478,<25,FACILITY_2,FEMALE,NEW_ADMISSION,HISPANIC,months_9_12
US_OZ,0004400798,<25,FACILITY_2,FEMALE,NEW_ADMISSION,WHITE,months_9_12
US_OZ,0008588320,<25,FACILITY_2,FEMALE,NEW_ADMISSION,WHITE,months_9_12
US_OZ,0005553979,<25,FACILITY_2,FEMALE,NEW_ADMISSION,HISPANIC,months_12_18
US_OZ,0009636845,<25,FACILITY_2,FEMALE,NEW_ADMISSION,HISPANIC,months_12_18
US_OZ,0000053397,<25,FACILITY_2,FEMALE,NEW_ADMISSION,WHITE,months_12_18
US_OZ,0008637511,<25,FACILITY_2,FEMALE,NEW_ADMISSION,BLACK,months_18_24
US_OZ,0004417185,<25,FACILITY_2,FEMALE,NEW_ADMISSION,HISPANIC,months_18_24
US_OZ,0007452705,<25,FACILITY_2,FEMALE,NEW_ADMISSION,WHITE,months_18_24
US_OZ,0001911055,<25,FACILITY_3,MALE,NEW_ADMISSION,BLACK,months_3_6
US_OZ,0004475747,<25,FACILITY_3,MALE,NEW_ADMISSION,BLACK,months_3_6
US_OZ,0004204437,<25,FACILITY_3,MALE,NEW_ADMISSION,HISPANIC,months_3_6
US_OZ,0000957099,<25,FACILITY_3,MALE,NEW_ADMISSION,WHITE,months_3_6
US_OZ,0005579394,<25,FACILITY_3,MALE,NEW_ADMISSION,BLACK,months_9_12
US_OZ,0008866959,<25,FACILITY_3,MALE,NEW_ADMISSION,BLACK,months_9_12
US_OZ,0007900078,<25,FACILITY_3,MALE,NEW_ADMISSION,HISPANIC,months_12_18
US_OZ,0005278931,<25,FACILITY_3,MALE,NEW_ADMISSION,WHITE,months_12_18
US_OZ,0001312238,<25,FACILITY_3,MALE,NEW_ADMISSION,HISPANIC,months_18_24
US_OZ,0000208123,<25,FACILITY_3,MALE,NEW_ADMISSION,WHITE,months_18_24
US_OZ,0006062111,<25,FACILITY_3,MALE,NEW_ADMISSION,WHITE,months_18_24
US_OZ,0009806622,<25,FACILITY_3,FEMALE,NEW_ADMISSION,HISPANIC,months_9_12
US_OZ,0000081151,<25,FACILITY_3,FEMALE,NEW_ADMISSION,HISPANIC,months_9_12
US_OZ,0004599069,<25,FACILITY_3,FEMALE,NEW_ADMISSION,BLACK,months_12_18
US_OZ,0005210708,<25,FACILITY_3,FEMALE,NEW_ADMISSION,BLACK,months_12_18
US_OZ,0000760954,<25,FACILITY_3,FEMALE,NEW_ADMISSION,HISPANIC,months_12_18
US_OZ,0006356521,<25,FACILITY_3,FEMALE,NEW_ADMISSION,WHITE,months_12_18
US_OZ,0003461715,<25,FACILITY_3,FEMALE,NEW_ADMISSION,BLACK,months_18_24
US_OZ,0007199503,<25,FACILITY_3,FEMALE,NEW_ADMISSION,BLACK,months_18_24
US_OZ,0001501977,<25,FACILITY_3,FEMALE,NEW_ADMISSION,HISPANIC,months_18_24
US_OZ,0002062529,<25,FACILITY_3,FEMALE,NEW_ADMISSION,WHITE,months_18_24
US_OZ,0002039278,<25,FACILITY_3,FEMALE,NEW_ADMISSION,WHITE,months_18_24
US_OZ,0000924110,<25,FACILITY_4,MALE,NEW_ADMISSION,BLACK,months_3_6
US_OZ,0006260139,<25,FACILITY_4,MALE,NEW_ADMISSION,WHITE,months_3_6
US_OZ,0005048030,<25,FACILITY_4,MALE,NEW_ADMISSION,HISPANIC,months_9_12
US_OZ,0002774363,<25,FACILITY_4,MALE,NEW_ADMISSION,HISPANIC,months_9_12
US_OZ,0005707839,<25,FACILITY_4,MALE,NEW_ADMISSION,WHITE,months_9_12
US_OZ,0004432340,<25,FACILITY_4,MALE,NEW_ADMISSION,BLACK,months_18_24
US_OZ,0006576307,<25,FACILITY_4,MALE,NEW_ADMISSION,HISPANIC,months_18_24
US_OZ,0001509869,<25,FACILITY_4,MALE,NEW_ADMISSION,HISPANIC,months_18_24
US_OZ,0002888723,<25,FACILITY_4,MALE,NEW_ADMISSION,WHITE,months_18_24
US_OZ,0008593395,<25,FACILITY_4,FEMALE,NEW_ADMISSION,BLACK,months_3_6
US_OZ,0002451189,<25,FACILITY_4,FEMALE,NEW_ADMISSION,BLACK,months_3_6
US_OZ,0004017301,<25,FACILITY_4,FEMALE,NEW_ADMISSION,HISPANIC,months_3_6
US_OZ,0004425157,<25,FACILITY_4,FEMALE,NEW_ADMISSION,WHITE,months_3_6
US_OZ,0004180405,<25,FACILITY_4,FEMALE,NEW_ADMISSION,BLACK,months_9_12
US_OZ,0002587118,<25,FACILITY_4,FEMALE,NEW_ADMISSION,BLACK,months_9_12
US_OZ,0008451406,<25,FACILITY_4,FEMALE,NEW_ADMISSION,HISPANIC,months_9_12
US_OZ,0002131311,<25,FACILITY_4,FEMALE,NEW_ADMISSION,HISPANIC,months_9_12
US_OZ,0005000242,<25,FACILITY_4,FEMALE,NEW_ADMISSION,BLACK,months_12_18
US_OZ,0001100712,<25,FACILITY_4,FEMALE,NEW_ADMISSION,BLACK,months_12_18
US_OZ,0005888825,<25,FACILITY_4,FEMALE,NEW_ADMISSION,WHITE,months_12_18
US_OZ,0005212450,<25,FACILITY_4,FEMALE,NEW_ADMISSION,WHITE,months_12_18
US_OZ,0001497995,<25,FACILITY_4,FEMALE,NEW_ADMISSION,BLACK,months_18_24
US_OZ,0001193506,<25,FACILITY_4,FEMALE,NEW_ADMISSION,HISPANIC,months_18_24
US_OZ,0002023025,<25,FACILITY_4,FEMALE,NEW_ADMISSION,WHITE,months_18_24
US_OZ,0005764306,<25,FACILITY_5,MALE,NEW_ADMISSION,WHITE,months_3_6
US_OZ,0004009766,<25,FACILITY_5,MALE,NEW_ADMISSION,BLACK,months_9_12
US_OZ,0009269356,<25,FACILITY_5,MALE,NEW_ADMISSION,HISPANIC,months_9_12
US_OZ,0001253456,<25,FACILITY_5,MALE,NEW_ADMISSION,BLACK,months_18_24
US_OZ,0002785485,<25,FACILITY_5,MALE,NEW_ADMISSION,BLACK,months_18_24
US_OZ,0004512471,<25,FACILITY_5,MALE,NEW_ADMISSION,HISPANIC,months_18_24
US_OZ,0001774231,<25,FACILITY_5,MALE,NEW_ADMISSION,HISPANIC,months_18_24
US_OZ,0009731565,<25,FACILITY_5,MALE,NEW_ADMISSION,WHITE,months_18_24
US_OZ,0003801456,<25,FACILITY_5,FEMALE,NEW_ADMISSION,BLACK,months_3_6
US_OZ,0000198606,<25,FACILITY_5,FEMALE,NEW_ADMISSION,BLACK,months_3_6
US_OZ,0009154302,<25,FACILITY_5,FEMALE,NEW_ADMISSION,HISPANIC,months_3_6
US_OZ,0000829687,<25,FACILITY_5,FEMALE,NEW_ADMISSION,HISPANIC,months_3_6
US_OZ,0001865737,<25,FACILITY_5,FEMALE,NEW_ADMISSION,WHITE,months_3_6
US_OZ,0002504394,<25,FACILITY_5,FEMALE,NEW_ADMISSION,BLACK,months_9_12
US_OZ,0000730261,<25,FACILITY_5,FEMALE,NEW_ADMISSION,HISPANIC,months_9_12
US_OZ,0007968405,<25,FACILITY_5,FEMALE,NEW_ADMISSION,BLACK,months_12_18
US_OZ,0009293678,<25,FACILITY_5,FEMALE,NEW_ADMISSION,HISPANIC,months_12_18
US_OZ,0002793658,<25,FACILITY_5,FEMALE,NEW_ADMISSION,HISPANIC,months_12_18
US_OZ,0007612972,<25,FACILITY_5,FEMALE,NEW_ADMISSION,BLACK,months_18_24
US_OZ,0003437101,<25,FACILITY_5,FEMALE,NEW_ADMISSION,HISPANIC,months_18_24
US_OZ,0008850655,25-29,FACILITY_1,MALE,NEW_ADMISSION,BLACK,months_3_6
US_OZ,0005542390,25-29,FACILITY_1,MALE,NEW_ADMISSION,BLACK,months_3_6
US_OZ,0001341341,25-29,FACILITY_1,MALE,NEW_ADMISSION,HISPANIC,months_3_6
US_OZ,0003003397,25-29,FACILITY_1,MALE,NEW_ADMISSION,WHITE,months_3_6
US_OZ,0008955155,25-29,FACILITY_1,MALE,NEW_ADMISSION,BLACK,months_9_12
US_OZ,0001586370,25-29,FACILITY_1,MALE,NEW_ADMISSION,HISPANIC,months_9_12
US_OZ,0008690873,25-29,FACILITY_1,MALE,NEW_ADMISSION,HISPANIC,months_9_12
US_OZ,0001711540,25-29,FACILITY_1,MALE,NEW_ADMISSION,BLACK,months_12_18
US_OZ,0004953156,25-29,FACILITY_1,MALE,NEW_ADMISSION,BLACK,months_12_18
US_OZ,0005416496,25-29,FACILITY_1,MALE,NEW_ADMISSION,BLACK,months_18_24
US_OZ,0007677638,25-29,FACILITY_1,MALE,NEW_ADMISSION,BLACK,months_18_24
US_OZ,0008837467,25-29,FACILITY_1,MALE,NEW_ADMISSION,WHITE,months_18_24
US_OZ,0006459568,25-29,FACILITY_1,MALE,NEW_ADMISSION,WHITE,months_18_24
US_OZ,0001037656,25-29,FACILITY_1,FEMALE,NEW_ADMISSION,BLACK,months_3_6
US_OZ,0001375201,25-29,FACILITY_1,FEMALE,NEW_ADMISSION,BLACK,months_3_6
US_OZ,0008275663,25-29,FACILITY_1,FEMALE,NEW_ADMISSION,HISPANIC,months_9_12
US_OZ,0004783556,25-29,FACILITY_1,FEMALE,NEW_ADMISSION,WHITE,months_9_12
US_OZ,0004842138,25-29,FACILITY_1,FEMALE,NEW_ADMISSION,HISPANIC,months_12_18
US_OZ,0009099282,25-29,FACILITY_1,FEMALE,NEW_ADMISSION,HISPANIC,months_12_18
US_OZ,0004531455,25-29,FACILITY_1,FEMALE,NEW_ADMISSION,BLACK,months_18_24
US_OZ,0002290647,25-29,FACILITY_1,FEMALE,NEW_ADMISSION,BLACK,months_18_24
US_OZ,0009021169,25-29,FACILITY_2,MALE,NEW_ADMISSION,BLACK,months_3_6
US_OZ,0008128972,25-29,FACILITY_2,MALE,NEW_ADMISSION,BLACK,months_3_6
US_OZ,0008012009,25-29,FACILITY_2,MALE,NEW_ADMISSION,BLACK,months_9_12
US_OZ,0006484336,25-29,FACILITY_2,MALE,NEW_ADMISSION,BLACK,months_9_12
US_OZ,0004066522,25-29,FACILITY_2,MALE,NEW_ADMISSION,HISPANIC,months_9_12
US_OZ,0005174087,25-29,FACILITY_2,MALE,NEW_ADMISSION,HISPANIC,months_9_12
US_OZ,0005374228,25-29,FACILITY_2,MALE,NEW_ADMISSION,BLACK,months_12_18
US_OZ,0009179878,25-29,FACILITY_2,MALE,NEW_ADMISSION,BLACK,months_12_18
US_OZ,0005043317,25-29,FACILITY_2,MALE,NEW_ADMISSION,HISPANIC,months_18_24
US_OZ,0001670807,25-29,FACILITY_2,MALE,NEW_ADMISSION,HISPANIC,months_18_24
US_OZ,0003329280,25-29,FACILITY_2,FEMALE,NEW_ADMISSION,BLACK,months_3_6
US_OZ,0002716894,25-29,FACILITY_2,FEMALE,NEW_ADMISSION,BLACK,months_3_6
US_OZ,0002364999,25-29,FACILITY_2,FEMALE,NEW_ADMISSION,HISPANIC,months_3_6
US_OZ,0008755490,25-29,FACILITY_2,FEMALE,NEW_ADMISSION,WHITE,months_3_6
US_OZ,0001989524,25-29,FACILITY_2,FEMALE,NEW_ADMISSION,WHITE,months_3_6
US_OZ,0008078580,25-29,FACILITY_2,FEMALE,NEW_ADMISSION,HISPANIC,months_9_12
US_OZ,0006596890,25-29,FACILITY_2,FEMALE,NEW_ADMISSION,HISPANIC,months_9_12
US_OZ,0005335875,25-29,FACILITY_2,FEMALE,NEW_ADMISSION,WHITE,months_9_12
US_OZ,0007278201,25-29,FACILITY_2,FEMALE,NEW_ADMISSION,WHITE,months_9_12
US_OZ,0001391247,25-29,FACILITY_2,FEMALE,NEW_ADMISSION,BLACK,months_12_18
US_OZ,0001970654,25-29,FACILITY_2,FEMALE,NEW_ADMISSION,BLACK,months_12_18
US_OZ,0003448432,25-29,FACILITY_2,FEMALE,NEW_ADMISSION,HISPANIC,months_12_18
US_OZ,0001429282,25-29,FACILITY_2,FEMALE,NEW_ADMISSION,BLACK,months_18_24
US_OZ,0004096571,25-29,FACILITY_2,FEMALE,NEW_ADMISSION,BLACK,months_18_24
US_OZ,0005064785,25-29,FACILITY_2,FEMALE,NEW_ADMISSION,WHITE,months_18_24
US_OZ,0007774142,25-29,FACILITY_2,FEMALE,NEW_ADMISSION,WHITE,months_18_24
US_OZ,0007718951,25-29,FACILITY_3,MALE,NEW_ADMISSION,BLACK,months_3_6
US_OZ,0009852958,25-29,FACILITY_3,MALE,NEW_ADMISSION,HISPANIC,months_3_6
US_OZ,0008607998,25-29,FACILITY_3,MALE,NEW_ADMISSION,HISPANIC,months_3_6
US_OZ,0007373371,25-29,FACILITY_3,MALE,NEW_ADMISSION,WHITE,months_3_6
US_OZ,0001431105,25-29,FACILITY_3,MALE,NEW_ADMISSION,WHITE,months_3_6
US_OZ,0001039930,25-29,FACILITY_3,MALE,NEW_ADMISSION,HISPANIC,months_9_12
US_OZ,0006046217,25-29,FACILITY_3,MALE,NEW_ADMISSION,HISPANIC,months_9_12
US_OZ,0002953956,25-29,FACILITY_3,MALE,NEW_ADMISSION,WHITE,months_9_12
US_OZ,0001076547,25-29,FACILITY_3,MALE,NEW_ADMISSION,WHITE,months_9_12
US_OZ,0000873901,25-29,FACILITY_3,MALE,NEW_ADMISSION,BLACK,months_12_18
US_OZ,0002695066,25-29,FACILITY_3,MALE,NEW_ADMISSION,BLACK,months_12_18
US_OZ,0000886883,25-29,FACILITY_3,MALE,NEW_ADMISSION,HISPANIC,months_12_18
US_OZ,0007944085,25-29,FACILITY_3,MALE,NEW_ADMISSION,HISPANIC,months_12_18
US_OZ,0007319169,25-29,FACILITY_3,MALE,NEW_ADMISSION,BLACK,months_18_24
US_OZ,0005553840,25-29,FACILITY_3,MALE,NEW_ADMISSION,BLACK,months_18_24
US_OZ,0003125093,25-29,FACILITY_3,MALE,NEW_ADMISSION,WHITE,months_18_24
US_OZ,0000349221,25-29,FACILITY_3,MALE,NEW_ADMISSION,WHITE,months_18_24
US_OZ,0002821007,25-29,FACILITY_3,FEMALE,NEW_ADMISSION,BLACK,months_3_6
US_OZ,0009623393,25-29,FACILITY_3,FEMALE,NEW_ADMISSION,HISPANIC,months_3_6
US_OZ,0008977101,25-29,FACILITY_3,FEMALE,NEW_ADMISSION,HISPANIC,months_3_6
US_OZ,0008890289,25-29,FACILITY_3,FEMALE,NEW_ADMISSION,BLACK,months_9_12
US_OZ,0007264024,25-29,FACILITY_3,FEMALE,NEW_ADMISSION,HISPANIC,months_9_12
US_OZ,0003307609,25-29,FACILITY_3,FEMALE,NEW_ADMISSION,HISPANIC,months_9_12
US_OZ,0003960443,25-29,FACILITY_3,FEMALE,NEW_ADMISSION,WHITE,months_9_12
US_OZ,0004309442,25-29,FACILITY_3,FEMALE,NEW_ADMISSION,HISPANIC,months_12_18
US_OZ,0002451310,25-29,FACILITY_3,FEMALE,NEW_ADMISSION,HISPANIC,months_12_18
US_OZ,0007733251,25-29,FACILITY_3,FEMALE,NEW_ADMISSION,WHITE,months_12_18
US_OZ,0001668488,25-29,FACILITY_3,FEMALE,NEW_ADMISSION,BLACK,months_18_24
US_OZ,0003954624,25-29,FACILITY_3,FEMALE,NEW_ADMISSION,BLACK,months_18_24
US_OZ,0002641319,25-29,FACILITY_3,FEMALE,NEW_ADMISSION,HISPANIC,months_18_24
US_OZ,0000602697,25-29,FACILITY_3,FEMALE,NEW_ADMISSION,WHITE,months_18_24
US_OZ,0003774042,25-29,FACILITY_3,FEMALE,NEW_ADMISSION,WHITE,months_18_24
US_OZ,0002807193,25-29,FACILITY_4,MALE,NEW_ADMISSION,BLACK,months_3_6
US_OZ,0002701980,25-29,FACILITY_4,MALE,NEW_ADMISSION,HISPANIC,months_3_6
US_OZ,0005192676,25-29,FACILITY_4,MALE,NEW_ADMISSION,HISPANIC,months_3_6
US_OZ,0008869887,25-29,FACILITY_4,MALE,NEW_ADMISSION,WHITE,months_3_6
US_OZ,0006457638,25-29,FACILITY_4,MALE,NEW_ADMISSION,BLACK,months_9_12
US_OZ,0001751613,25-29,FACILITY_4,MALE,NEW_ADMISSION,HISPANIC,months_9_12
US_OZ,0006577807,25-29,FACILITY_4,MALE,NEW_ADMISSION,WHITE,months_9_12
US_OZ,0006309931,25-29,FACILITY_4,MALE,NEW_ADMISSION,WHITE,months_9_12
US_OZ,0002654763,25-29,FACILITY_4,MALE,NEW_ADMISSION,BLACK,months_12_18
US_OZ,0003759590,25-29,FACILITY_4,MALE,NEW_ADMISSION,BLACK,months_12_18
US_OZ,0000068164,25-29,FACILITY_4,MALE,NEW_ADMISSION,WHITE,months_12_18
US_OZ,0001453667,25-29,FACILITY_4,MALE,NEW_ADMISSION,BLACK,months_18_24
US_OZ,0001357600,25-29,FACILITY_4,MALE,NEW_ADMISSION,BLACK,months_18_24
US_OZ,0005319999,25-29,FACILITY_4,MALE,NEW_ADMISSION,WHITE,months_18_24
US_OZ,0000028396,25-29,FACILITY_4,FEMALE,NEW_ADMISSION,WHITE,months_3_6
US_OZ,0007807390,25-29,FACILITY_4,FEMALE,NEW_ADMISSION,WHITE,months_3_6
US_OZ,0006504045,25-29,FACILITY_4,FEMALE,NEW_ADMISSION,HISPANIC,months_9_12
US_OZ,0005678501,25-29,FACILITY_4,FEMALE,NEW_ADMISSION,HISPANIC,months_9_12
US_OZ,0005205173,25-29,FACILITY_4,FEMALE,NEW_ADMISSION,WHITE,months_9_12
US_OZ,0007367003,25-29,FACILITY_4,FEMALE,NEW_ADMISSION,BLACK,months_12_18
US_OZ,0002281485,25-29,FACILITY_4,FEMALE,NEW_ADMISSION,HISPANIC,months_12_18
US_OZ,0009516135,25-29,FACILITY_4,FEMALE,NEW_ADMISSION,HISPANIC,months_12_18
US_OZ,0002835961,25-29,FACILITY_4,FEMALE,NEW_ADMISSION,BLACK,months_18_24
US_OZ,0004168135,25-29,FACILITY_4,FEMALE,NEW_ADMISSION,HISPANIC,months_18_24
US_OZ,0001189954,25-29,FACILITY_4,FEMALE,NEW_ADMISSION,HISPANIC,months_18_24
US_OZ,0007556003,25-29,FACILITY_4,FEMALE,NEW_ADMISSION,WHITE,months_18_24
US_OZ,0005002708,25-29,FACILITY_4,FEMALE,NEW_ADMISSION,WHITE,months_18_24
US_OZ,0003675274,25-29,FACILITY_5,MALE,NEW_ADMISSION,BLACK,months_3_6
US_OZ,0006332542,25-29,FACILITY_5,MALE,NEW_ADMISSION,BLACK,months_3_6
US_OZ,0009027698,25-29,FACILITY_5,MALE,NEW_ADMISSION,WHITE,months_3_6
US_OZ,0003661035,25-29,FACILITY_5,MALE,NEW_ADMISSION,HISPANIC,months_9_12
US_OZ,0004693953,25-29,FACILITY_5,MALE,NEW_ADMISSION,BLACK,months_12_18
US_OZ,0008303196,25-29,FACILITY_5,MALE,NEW_ADMISSION,BLACK,months_12_18
US_OZ,0003272247,25-29,FACILITY_5,MALE,NEW_ADMISSION,WHITE,months_12_18
US_OZ,0005238682,25-29,FACILITY_5,MALE,NEW_ADMISSION,WHITE,months_18_24
US_OZ,0005436514,25-29,FACILITY_5,MALE,NEW_ADMISSION,WHITE,months_18_24
US_OZ,0007290001,25-29,FACILITY_5,FEMALE,NEW_ADMISSION,WHITE,months_3_6
US_OZ,0007848312,25-29,FACILITY_5,FEMALE,NEW_ADMISSION,BLACK,months_9_12
US_OZ,0001691874,25-29,FACILITY_5,FEMALE,NEW_ADMISSION,HISPANIC,months_9_12
US_OZ,0008402837,25-29,FACILITY_5,FEMALE,NEW_ADMISSION,HISPANIC,months_9_12
US_OZ,0001520106,25-29,FACILITY_5,FEMALE,NEW_ADMISSION,WHITE,months_9_12
US_OZ,0002841420,25-29,FACILITY_5,FEMALE,NEW_ADMISSION,BLACK,months_12_18
US_OZ,0002591950,25-29,FACILITY_5,FEMALE,NEW_ADMISSION,WHITE,months_18_24
US_OZ,0008853461,25-29,FACILITY_5,FEMALE,NEW_ADMISSION,WHITE,months_18_24
US_OZ,0007086538,30-34,FACILITY_1,MALE,NEW_ADMISSION,BLACK,months_3_6
US_OZ,0001235693,30-34,FACILITY_1,MALE,NEW_ADMISSION,BLACK,months_3_6
US_OZ,0001937752,30-34,FACILITY_1,MALE,NEW_ADMISSION,WHITE,months_3_6
US_OZ,0008942265,30-34,FACILITY_1,MALE,NEW_ADMISSION,BLACK,months_9_12
US_OZ,0008096774,30-34,FACILITY_1,MALE,NEW_ADMISSION,BLACK,months_9_12
US_OZ,0002657880,30-34,FACILITY_1,MALE,NEW_ADMISSION,HISPANIC,months_9_12
US_OZ,0007496041,30-34,FACILITY_1,MALE,NEW_ADMISSION,WHITE,months_9_12
US_OZ,0003620164,30-34,FACILITY_1,MALE,NEW_ADMISSION,WHITE,months_9_12
US_OZ,0004994863,30-34,FACILITY_1,MALE,NEW_ADMISSION,BLACK,months_12_18
US_OZ,0006719501,30-34,FACILITY_1,MALE,NEW_ADMISSION,BLACK,months_12_18
US_OZ,0003288946,30-34,FACILITY_1,MALE,NEW_ADMISSION,HISPANIC,months_12_18
US_OZ,0009855878,30-34,FACILITY_1,MALE,NEW_ADMISSION,BLACK,months_18_24
US_OZ,0009484429,30-34,FACILITY_1,MALE,NEW_ADMISSION,WHITE,months_18_24
US_OZ,0002580132,30-34,FACILITY_1,MALE,NEW_ADMISSION,WHITE,months_18_24
US_OZ,0005472540,30-34,FACILITY_1,FEMALE,NEW_ADMISSION,HISPANIC,months_3_6
US_OZ,0009118824,30-34,FACILITY_1,FEMALE,NEW_ADMISSION,HISPANIC,months_3_6
US_OZ,0008964266,30-34,FACILITY_1,FEMALE,NEW_ADMISSION,WHITE,months_3_6
US_OZ,0006218116,30-34,FACILITY_1,FEMALE,NEW_ADMISSION,HISPANIC,months_9_12
US_OZ,0004268184,30-34,FACILITY_1,FEMALE,NEW_ADMISSION,HISPANIC,months_9_12
US_OZ,0006024863,30-34,FACILITY_1,FEMALE,NEW_ADMISSION,WHITE,months_9_12
US_OZ,0003959842,30-34,FACILITY_1,FEMALE,NEW_ADMISSION,BLACK,months_12_18
US_OZ,0002573206,30-34,FACILITY_1,FEMALE,NEW_ADMISSION,WHITE,months_12_18
US_OZ,0004442958,30-34,FACILITY_1,FEMALE,NEW_ADMISSION,WHITE,months_12_18
US_OZ,0006817518,30-34,FACILITY_1,FEMALE,NEW_ADMISSION,BLACK,months_18_24
US_OZ,0007291129,30-34,FACILITY_1,FEMALE,NEW_ADMISSION,WHITE,months_18_24
US_OZ,0001730031,30-34,FACILITY_2,MALE,NEW_ADMISSION,HISPANIC,months_3_6
US_OZ,0006723219,30-34,FACILITY_2,MALE,NEW_ADMISSION,WHITE,months_3_6
US_OZ,0000694632,30-34,FACILITY_2,MALE,NEW_ADMISSION,BLACK,months_12_18
US_OZ,0009630482,30-34,FACILITY_2,MALE,NEW_ADMISSION,BLACK,months_18_24
US_OZ,0003559949,30-34,FACILITY_2,MALE,NEW_ADMISSION,BLACK,months_18_24
US_OZ,0008767987,30-34,FACILITY_2,MALE,NEW_ADMISSION,HISPANIC,months_18_24
US_OZ,0003534712,30-34,FACILITY_2,MALE,NEW_ADMISSION,WHITE,months_18_24
US_OZ,0001550159,30-34,FACILITY_2,MALE,NEW_ADMISSION,WHITE,months_18_24
US_OZ,0001359389,30-34,FACILITY_2,FEMALE,NEW_ADMISSION,BLACK,months_3_6
US_OZ,0000592281,30-34,FACILITY_2,FEMALE,NEW_ADMISSION,BLACK,months_3_6
US_OZ,0009135959,30-34,FACILITY_2,FEMALE,NEW_ADMISSION,HISPANIC,months_3_6
US_OZ,0007810988,30-34,FACILITY_2,FEMALE,NEW_ADMISSION,BLACK,months_9_12
US_OZ,0000301528,30-34,FACILITY_2,FEMALE,NEW_ADMISSION,WHITE,months_9_12
US_OZ,0002732382,30-34,FACILITY_2,FEMALE,NEW_ADMISSION,BLACK,months_12_18
US_OZ,0003268701,30-34,FACILITY_2,FEMALE,NEW_ADMISSION,BLACK,months_12_18
US_OZ,0001658961,30-34,FACILITY_2,FEMALE,NEW_ADMISSION,BLACK,months_18_24
US_OZ,0007974516,30-34,FACILITY_3,MALE,NEW_ADMISSION,BLACK,months_3_6
US_OZ,0009594631,30-34,FACILITY_3,MALE,NEW_ADMISSION,HISPANIC,months_3_6
US_OZ,0006389608,30-34,FACILITY_3,MALE,NEW_ADMISSION,WHITE,months_9_12
US_OZ,0001021859,30-34,FACILITY_3,MALE,NEW_ADMISSION,WHITE,months_9_12
US_OZ,0001282908,30-34,FACILITY_3,MALE,NEW_ADMISSION,WHITE,months_12_18
US_OZ,0001740074,30-34,FACILITY_3,MALE,NEW_ADMISSION,WHITE,months_12_18
US_OZ,0002552868,30-34,FACILITY_3,MALE,NEW_ADMISSION,HISPANIC,months_18_24
US_OZ,0004878338,30-34,FACILITY_3,MALE,NEW_ADMISSION,HISPANIC,months_18_24
US_OZ,0000758959,30-34,FACILITY_3,FEMALE,NEW_ADMISSION,WHITE,months_3_6
US_OZ,0006141342,30-34,FACILITY_3,FEMALE,NEW_ADMISSION,WHITE,months_3_6
US_OZ,0004967424,30-34,FACILITY_3,FEMALE,NEW_ADMISSION,HISPANIC,months_9_12
US_OZ,0003965307,30-34,FACILITY_3,FEMALE,NEW_ADMISSION,HISPANIC,months_9_12
US_OZ,0007255227,30-34,FACILITY_3,FEMALE,NEW_ADMISSION,WHITE,months_9_12
US_OZ,0006922829,30-34,FACILITY_3,FEMALE,NEW_ADMISSION,WHITE,months_9_12
US_OZ,0007954220,30-34,FACILITY_3,FEMALE,NEW_ADMISSION,HISPANIC,months_12_18
US_OZ,0001827181,30-34,FACILITY_3,FEMALE,NEW_ADMISSION,HISPANIC,months_18_24
US_OZ,0001401152,30-34,FACILITY_3,FEMALE,NEW_ADMISSION,WHITE,months_18_24
US_OZ,0002927888,30-34,FACILITY_3,FEMALE,NEW_ADMISSION,WHITE,months_18_24
US_OZ,0006623163,30-34,FACILITY_4,MALE,NEW_ADMISSION,BLACK,months_3_6
US_OZ,0001244851,30-34,FACILITY_4,MALE,NEW_ADMISSION,BLACK,months_3_6
US_OZ,0001921553,30-34,FACILITY_4,MALE,NEW_ADMISSION,HISPANIC,months_3_6
US_OZ,0005038752,30-34,FACILITY_4,MALE,NEW_ADMISSION,HISPANIC,months_9_12
US_OZ,0001389493,30-34,FACILITY_4,MALE,NEW_ADMISSION,HISPANIC,months_9_12
US_OZ,0007669484,30-34,FACILITY_4,MALE,NEW_ADMISSION,WHITE,months_9_12
US_OZ,0008134530,30-34,FACILITY_4,MALE,NEW_ADMISSION,WHITE,months_12_18
US_OZ,0002696827,30-34,FACILITY_4,MALE,NEW_ADMISSION,WHITE,months_12_18
US_OZ,0008828925,30-34,FACILITY_4,MALE,NEW_ADMISSION,BLACK,months_18_24
US_OZ,0004358842,30-34,FACILITY_4,MALE,NEW_ADMISSION,HISPANIC,months_18_24
US_OZ,0009474772,30-34,FACILITY_4,MALE,NEW_ADMISSION,HISPANIC,months_18_24
US_OZ,0002937029,30-34,FACILITY_4,FEMALE,NEW_ADMISSION,BLACK,months_3_6
US_OZ,0004740562,30-34,FACILITY_4,FEMALE,NEW_ADMISSION,BLACK,months_3_6
US_OZ,0004546632,30-34,FACILITY_4,FEMALE,NEW_ADMISSION,HISPANIC,months_3_6
US_OZ,0006227204,30-34,FACILITY_4,FEMALE,NEW_ADMISSION,WHITE,months_3_6
US_OZ,0000321228,30-34,FACILITY_4,FEMALE,NEW_ADMISSION,WHITE,months_3_6
US_OZ,0000547025,30-34,FACILITY_4,FEMALE,NEW_ADMISSION,WHITE,months_9_12
US_OZ,0001301178,30-34,FACILITY_4,FEMALE,NEW_ADMISSION,WHITE,months_9_12
US_OZ,0005274394,30-34,FACILITY_4,FEMALE,NEW_ADMISSION,BLACK,months_12_18
US_OZ,0002148585,30-34,FACILITY_4,FEMALE,NEW_ADMISSION,HISPANIC,months_18_24
US_OZ,0002389363,30-34,FACILITY_4,FEMALE,NEW_ADMISSION,HISPANIC,months_18_24
US_OZ,0006403421,30-34,FACILITY_4,FEMALE,NEW_ADMISSION,WHITE,months_18_24
US_OZ,0001285468,30-34,FACILITY_4,FEMALE,NEW_ADMISSION,WHITE,months_18_24
US_OZ,0000760957,30-34,FACILITY_5,MALE,NEW_ADMISSION,HISPANIC,months_3_6
US_OZ,0007087825,30-34,FACILITY_5,MALE,NEW_ADMISSION,WHITE,months_3_6
US_OZ,0008571001,30-34,FACILITY_5,MALE,NEW_ADMISSION,WHITE,months_9_12
US_OZ,0004137276,30-34,FACILITY_5,MALE,NEW_ADMISSION,BLACK,months_12_18
US_OZ,0005906746,30-34,FACILITY_5,MALE,NEW_ADMISSION,HISPANIC,months_12_18
US_OZ,0009858743,30-34,FACILITY_5,MALE,NEW_ADMISSION,HISPANIC,months_18_24
US_OZ,0001841129,30-34,FACILITY_5,MALE,NEW_ADMISSION,HISPANIC,months_18_24
US_OZ,0007121618,30-34,FACILITY_5,MALE,NEW_ADMISSION,WHITE,months_18_24
US_OZ,0002621370,30-34,FACILITY_5,FEMALE,NEW_ADMISSION,BLACK,months_3_6
US_OZ,0009793344,30-34,FACILITY_5,FEMALE,NEW_ADMISSION,BLACK,months_3_6
US_OZ,0001062217,30-34,FACILITY_5,FEMALE,NEW_ADMISSION,HISPANIC,months_3_6
US_OZ,0003902347,30-34,FACILITY_5,FEMALE,NEW_ADMISSION,HISPANIC,months_3_6
US_OZ,0007081628,30-34,FACILITY_5,FEMALE,NEW_ADMISSION,WHITE,months_3_6
US_OZ,0001489319,30-34,FACILITY_5,FEMALE,NEW_ADMISSION,BLACK,months_9_12
US_OZ,0007587900,30-34,FACILITY_5,FEMALE,NEW_ADMISSION,BLACK,months_9_12
US_OZ,0007103478,30-34,FACILITY_5,FEMALE,NEW_ADMISSION,HISPANIC,months_9_12
US_OZ,0008839844,30-34,FACILITY_5,FEMALE,NEW_ADMISSION,WHITE,months_18_24
US_OZ,0004200492,30-34,FACILITY_5,FEMALE,NEW_ADMISSION,WHITE,months_18_24
US_OZ,0006003888,60+,FACILITY_1,MALE,NEW_ADMISSION,WHITE,months_3_6
US_OZ,0001685007,60+,FACILITY_1,MALE,NEW_ADMISSION,BLACK,months_9_12
US_OZ,0003260940,60+,FACILITY_1,MALE,NEW_ADMISSION,BLACK,months_9_12
US_OZ,0002845860,60+,FACILITY_1,MALE,NEW_ADMISSION,WHITE,months_9_12
US_OZ,0006348701,60+,FACILITY_1,MALE,NEW_ADMISSION,WHITE,months_9_12
US_OZ,0002093375,60+,FACILITY_1,MALE,NEW_ADMISSION,HISPANIC,months_12_18
US_OZ,0008447720,60+,FACILITY_1,MALE,NEW_ADMISSION,WHITE,months_12_18
US_OZ,0004424884,60+,FACILITY_1,MALE,NEW_ADMISSION,WHITE,months_12_18
US_OZ,0002509963,60+,FACILITY_1,MALE,NEW_ADMISSION,BLACK,months_18_24
US_OZ,0008276012,60+,FACILITY_1,MALE,NEW_ADMISSION,BLACK,months_18_24
US_OZ,0000994406,60+,FACILITY_1,MALE,NEW_ADMISSION,HISPANIC,months_18_24
US_OZ,0001459117,60+,FACILITY_1,FEMALE,NEW_ADMISSION,BLACK,months_3_6
US_OZ,0009482034,60+,FACILITY_1,FEMALE,NEW_ADMISSION,WHITE,months_3_6
US_OZ,0004743745,60+,FACILITY_1,FEMALE,NEW_ADMISSION,WHITE,months_3_6
US_OZ,0009154202,60+,FACILITY_1,FEMALE,NEW_ADMISSION,BLACK,months_9_12
US_OZ,0003710958,60+,FACILITY_1,FEMALE,NEW_ADMISSION,BLACK,months_9_12
US_OZ,0001218748,60+,FACILITY_1,FEMALE,NEW_ADMISSION,HISPANIC,months_9_12
US_OZ,0002702433,60+,FACILITY_1,FEMALE,NEW_ADMISSION,WHITE,months_9_12
US_OZ,0003369965,60+,FACILITY_1,FEMALE,NEW_ADMISSION,BLACK,months_12_18
US_OZ,0002288333,60+,FACILITY_1,FEMALE,NEW_ADMISSION,WHITE,months_12_18
US_OZ,0006279846,60+,FACILITY_1,FEMALE,NEW_ADMISSION,BLACK,months_18_24
US_OZ,0003169508,60+,FACILITY_1,FEMALE,NEW_ADMISSION,WHITE,months_18_24
US_OZ,0005966457,60+,FACILITY_1,FEMALE,NEW_ADMISSION,WHITE,months_18_24
US_OZ,0006298698,60+,FACILITY_2,MALE,NEW_ADMISSION,WHITE,months_3_6
US_OZ,0009040939,60+,FACILITY_2,MALE,NEW_ADMISSION,WHITE,months_3_6
US_OZ,0009683186,60+,FACILITY_2,MALE,NEW_ADMISSION,BLACK,months_9_12
US_OZ,0002436752,60+,FACILITY_2,MALE,NEW_ADMISSION,BLACK,months_9_12
US_OZ,0000130131,60+,FACILITY_2,MALE,NEW_ADMISSION,HISPANIC,months_9_12
US_OZ,0001655617,60+,FACILITY_2,MALE,NEW_ADMISSION,WHITE,months_9_12
US_OZ,0008947259,60+,FACILITY_2,MALE,NEW_ADMISSION,WHITE,months_9_12
US_OZ,0005162074,60+,FACILITY_2,MALE,NEW_ADMISSION,BLACK,months_12_18
US_OZ,0001936433,60+,FACILITY_2,MALE,NEW_ADMISSION,HISPANIC,months_12_18
US_OZ,0005580052,60+,FACILITY_2,MALE,NEW_ADMISSION,WHITE,months_12_18
US_OZ,0004258590,60+,FACILITY_2,MALE,NEW_ADMISSION,WHITE,months_12_18
US_OZ,0008077191,60+,FACILITY_2,MALE,NEW_ADMISSION,BLACK,months_18_24
US_OZ,0005804170,60+,FACILITY_2,MALE,NEW_ADMISSION,HISPANIC,months_18_24
US_OZ,0000062940,60+,FACILITY_2,MALE,NEW_ADMISSION,WHITE,months_18_24
US_OZ,0000410044,60+,FACILITY_2,FEMALE,NEW_ADMISSION,BLACK,months_3_6
US_OZ,0000706227,60+,FACILITY_2,FEMALE,NEW_ADMISSION,HISPANIC,months_3_6
US_OZ,0008416985,60+,FACILITY_2,FEMALE,NEW_ADMISSION,HISPANIC,months_3_6
US_OZ,0005748548,60+,FACILITY_2,FEMALE,NEW_ADMISSION,WHITE,months_3_6
US_OZ,0005994713,60+,FACILITY_2,FEMALE,NEW_ADMISSION,WHITE,months_3_6
US_OZ,0001305520,60+,FACILITY_2,FEMALE,NEW_ADMISSION,BLACK,months_9_12
US_OZ,0002009869,60+,FACILITY_2,FEMALE,NEW_ADMISSION,BLACK,months_9_12
US_OZ,0006896722,60+,FACILITY_2,FEMALE,NEW_ADMISSION,HISPANIC,months_9_12
US_OZ,0002243407,60+,FACILITY_2,FEMALE,NEW_ADMISSION,BLACK,months_12_18
US_OZ,0007277110,60+,FACILITY_2,FEMALE,NEW_ADMISSION,WHITE,months_12_18
US_OZ,0001723174,60+,FACILITY_2,FEMALE,NEW_ADMISSION,BLACK,months_18_24
US_OZ,0003123485,60+,FACILITY_2,FEMALE,NEW_ADMISSION,BLACK,months_18_24
US_OZ,0002817012,60+,FACILITY_2,FEMALE,NEW_ADMISSION,HISPANIC,months_18_24
US_OZ,0007014554,60+,FACILITY_3,MALE,NEW_ADMISSION,BLACK,months_3_6
US_OZ,0000971579,60+,FACILITY_3,MALE,NEW_ADMISSION,HISPANIC,months_3_6
US_OZ,0001142169,60+,FACILITY_3,MALE,NEW_ADMISSION,HISPANIC,months_3_6
US_OZ,0007045012,60+,FACILITY_3,MALE,NEW_ADMISSION,WHITE,months_3_6
US_OZ,0006462581,60+,FACILITY_3,MALE,NEW_ADMISSION,HISPANIC,months_9_12
US_OZ,0005156110,60+,FACILITY_3,MALE,NEW_ADMISSION,WHITE,months_9_12
US_OZ,0006117733,60+,FACILITY_3,MALE,NEW_ADMISSION,BLACK,months_12_18
US_OZ,0005328503,60+,FACILITY_3,MALE,NEW_ADMISSION,BLACK,months_12_18
US_OZ,0004158666,60+,FACILITY_3,MALE,NEW_ADMISSION,HISPANIC,months_12_18
US_OZ,0004335860,60+,FACILITY_3,MALE,NEW_ADMISSION,WHITE,months_12_18
US_OZ,0003048134,60+,FACILITY_3,MALE,NEW_ADMISSION,HISPANIC,months_18_24
US_OZ,0002464312,60+,FACILITY_3,MALE,NEW_ADMISSION,HISPANIC,months_18_24
US_OZ,0005391176,60+,FACILITY_3,FEMALE,NEW_ADMISSION,BLACK,months_3_6
US_OZ,0009417148,60+,FACILITY_3,FEMALE,NEW_ADMISSION,BLACK,months_3_6
US_OZ,0003350448,60+,FACILITY_3,FEMALE,NEW_ADMISSION,HISPANIC,months_3_6
US_OZ,0006045159,60+,FACILITY_3,FEMALE,NEW_ADMISSION,HISPANIC,months_9_12
US_OZ,0007604853,60+,FACILITY_3,FEMALE,NEW_ADMISSION,WHITE,months_9_12
US_OZ,0003445063,60+,FACILITY_3,FEMALE,NEW_ADMISSION,WHITE,months_12_18
US_OZ,0006779366,60+,FACILITY_3,FEMALE,NEW_ADMISSION,BLACK,months_18_24
US_OZ,0006946262,60+,FACILITY_3,FEMALE,NEW_ADMISSION,WHITE,months_18_24
US_OZ,0001493168,60+,FACILITY_4,MALE,NEW_ADMISSION,WHITE,months_3_6
US_OZ,0008484463,60+,FACILITY_4,MALE,NEW_ADMISSION,WHITE,months_3_6
US_OZ,0006569960,60+,FACILITY_4,MALE,NEW_ADMISSION,HISPANIC,months_9_12
US_OZ,0001227422,60+,FACILITY_4,MALE,NEW_ADMISSION,HISPANIC,months_9_12
US_OZ,0004052033,60+,FACILITY_4,MALE,NEW_ADMISSION,BLACK,months_12_18
US_OZ,0004643668,60+,FACILITY_4,MALE,NEW_ADMISSION,HISPANIC,months_12_18
US_OZ,0006395091,60+,FACILITY_4,MALE,NEW_ADMISSION,WHITE,months_12_18
US_OZ,0002139380,60+,FACILITY_4,MALE,NEW_ADMISSION,BLACK,months_18_24
US_OZ,0009496088,60+,FACILITY_4,MALE,NEW_ADMISSION,BLACK,months_18_24
US_OZ,0008017682,60+,FACILITY_4,MALE,NEW_ADMISSION,HISPANIC,months_18_24
US_OZ,0004578386,60+,FACILITY_4,MALE,NEW_ADMISSION,WHITE,months_18_24
US_OZ,0008322562,60+,FACILITY_4,MALE,NEW_ADMISSION,WHITE,months_18_24
US_OZ,0007395679,60+,FACILITY_4,FEMALE,NEW_ADMISSION,WHITE,months_3_6
US_OZ,0007822835,60+,FACILITY_4,FEMALE,NEW_ADMISSION,BLACK,months_9_12
US_OZ,0009413751,60+,FACILITY_4,FEMALE,NEW_ADMISSION,HISPANIC,months_9_12
US_OZ,0008975344,60+,FACILITY_4,FEMALE,NEW_ADMISSION,HISPANIC,months_9_12
US_OZ,0001340831,60+,FACILITY_4,FEMALE,NEW_ADMISSION,BLACK,months_12_18
US_OZ,0005094418,60+,FACILITY_4,FEMALE,NEW_ADMISSION,HISPANIC,months_18_24
US_OZ,0003496328,60+,FACILITY_4,FEMALE,NEW_ADMISSION,WHITE,months_18_24
US_OZ,0007422730,60+,FACILITY_4,FEMALE,NEW_ADMISSION,WHITE,months_18_24
US_OZ,0005280030,60+,FACILITY_5,MALE,NEW_ADMISSION,WHITE,months_3_6
US_OZ,0006670425,60+,FACILITY_5,MALE,NEW_ADMISSION,BLACK,months_9_12
US_OZ,0009419002,60+,FACILITY_5,MALE,NEW_ADMISSION,BLACK,months_9_12
US_OZ,0001023484,60+,FACILITY_5,MALE,NEW_ADMISSION,WHITE,months_9_12
US_OZ,0001541453,60+,FACILITY_5,MALE,NEW_ADMISSION,BLACK,months_18_24
US_OZ,0009851853,60+,FACILITY_5,MALE,NEW_ADMISSION,HISPANIC,months_18_24
US_OZ,0006212341,60+,FACILITY_5,MALE,NEW_ADMISSION,HISPANIC,months_18_24
US_OZ,0000015592,60+,FACILITY_5,FEMALE,NEW_ADMISSION,BLACK,months_3_6
US_OZ,0005367259,60+,FACILITY_5,FEMALE,NEW_ADMISSION,WHITE,months_3_6
US_OZ,0007863512,60+,FACILITY_5,FEMALE,NEW_ADMISSION,BLACK,months_9_12
US_OZ,0000290056,60+,FACILITY_5,FEMALE,NEW_ADMISSION,HISPANIC,months_9_12
US_OZ,0001218042,60+,FACILITY_5,FEMALE,NEW_ADMISSION,HISPANIC,months_9_12
US_OZ,0008959272,60+,FACILITY_5,FEMALE,NEW_ADMISSION,HISPANIC,months_12_18
US_OZ,0004731878,60+,FACILITY_5,FEMALE,NEW_ADMISSION,BLACK,months_18_24
US_OZ,0001727081,60+,FACILITY_5,FEMALE,NEW_ADMISSION,HISPANIC,months_18_24
US_OZ,0001069046,60+,FACILITY_5,FEMALE,NEW_ADMISSION,HISPANIC,months_18_24
US_OZ,0002350038,<25,FACILITY_1,MALE,REVOCATION,HISPANIC,months_3_6
US_OZ,0000713834,<25,FACILITY_1,MALE,REVOCATION,HISPANIC,months_3_6
US_OZ,0003899790,<25,FACILITY_1,MALE,REVOCATION,BLACK,months_9_12
US_OZ,0004526785,<25,FACILITY_1,MALE,REVOCATION,HISPANIC,months_9_12
US_OZ,0007992107,<25,FACILITY_1,MALE,REVOCATION,WHITE,months_9_12
US_OZ,0002123588,<25,FACILITY_1,MALE,REVOCATION,WHITE,months_9_12
US_OZ,0001652918,<25,FACILITY_1,MALE,REVOCATION,BLACK,months_12_18
US_OZ,0009688298,<25,FACILITY_1,MALE,REVOCATION,BLACK,months_12_18
US_OZ,0004392072,<25,FACILITY_1,MALE,REVOCATION,HISPANIC,months_12_18
US_OZ,0005593716,<25,FACILITY_1,MALE,REVOCATION,WHITE,months_12_18
US_OZ,0002182548,<25,FACILITY_1,MALE,REVOCATION,BLACK,months_18_24
US_OZ,0009997765,<25,FACILITY_1,MALE,REVOCATION,BLACK,months_18_24
US_OZ,0009091230,<25,FACILITY_1,MALE,REVOCATION,WHITE,months_18_24
US_OZ,0009733405,<25,FACILITY_1,FEMALE,REVOCATION,BLACK,months_3_6
US_OZ,0004966672,<25,FACILITY_1,FEMALE,REVOCATION,BLACK,months_3_6
US_OZ,0003861562,<25,FACILITY_1,FEMALE,REVOCATION,HISPANIC,months_3_6
US_OZ,0009576399,<25,FACILITY_1,FEMALE,REVOCATION,HISPANIC,months_3_6
US_OZ,0001106203,<25,FACILITY_1,FEMALE,REVOCATION,BLACK,months_9_12
US_OZ,0001707077,<25,FACILITY_1,FEMALE,REVOCATION,WHITE,months_9_12
US_OZ,0009282417,<25,FACILITY_1,FEMALE,REVOCATION,BLACK,months_12_18
US_OZ,0002795019,<25,FACILITY_1,FEMALE,REVOCATION,BLACK,months_12_18
US_OZ,0008527968,<25,FACILITY_1,FEMALE,REVOCATION,HISPANIC,months_12_18
US_OZ,0001327871,<25,FACILITY_1,FEMALE,REVOCATION,HISPANIC,months_18_24
US_OZ,0004359595,<25,FACILITY_1,FEMALE,REVOCATION,WHITE,months_18_24
US_OZ,0002125557,<25,FACILITY_1,FEMALE,REVOCATION,WHITE,months_18_24
US_OZ,0000786472,<25,FACILITY_2,MALE,REVOCATION,WHITE,months_3_6
US_OZ,0005486704,<25,FACILITY_2,MALE,REVOCATION,HISPANIC,months_9_12
US_OZ,0008493556,<25,FACILITY_2,MALE,REVOCATION,HISPANIC,months_9_12
US_OZ,0003772069,<25,FACILITY_2,MALE,REVOCATION,WHITE,months_12_18
US_OZ,0001504049,<25,FACILITY_2,MALE,REVOCATION,WHITE,months_12_18
US_OZ,0002190102,<25,FACILITY_2,MALE,REVOCATION,BLACK,months_18_24
US_OZ,0002241977,<25,FACILITY_2,MALE,REVOCATION,BLACK,months_18_24
US_OZ,0006904928,<25,FACILITY_2,MALE,REVOCATION,HISPANIC,months_18_24
US_OZ,0009586741,<25,FACILITY_2,MALE,REVOCATION,HISPANIC,months_18_24
US_OZ,0001918806,<25,FACILITY_2,MALE,REVOCATION,WHITE,months_18_24
US_OZ,0000671542,<25,FACILITY_2,MALE,REVOCATION,WHITE,months_18_24
US_OZ,0004582473,<25,FACILITY_2,FEMALE,REVOCATION,WHITE,months_3_6
US_OZ,0005791484,<25,FACILITY_2,FEMALE,REVOCATION,BLACK,months_9_12
US_OZ,0005567574,<25,FACILITY_2,FEMALE,REVOCATION,BLACK,months_9_12
US_OZ,0008715793,<25,FACILITY_2,FEMALE,REVOCATION,WHITE,months_9_12
US_OZ,0000653126,<25,FACILITY_2,FEMALE,REVOCATION,HISPANIC,months_12_18
US_OZ,0002283099,<25,FACILITY_2,FEMALE,REVOCATION,HISPANIC,months_12_18
US_OZ,0005318823,<25,FACILITY_2,FEMALE,REVOCATION,WHITE,months_12_18
US_OZ,0009914006,<25,FACILITY_2,FEMALE,REVOCATION,BLACK,months_18_24
US_OZ,0009373118,<25,FACILITY_2,FEMALE,REVOCATION,HISPANIC,months_18_24
US_OZ,0001645282,<25,FACILITY_3,MALE,REVOCATION,HISPANIC,months_3_6
US_OZ,0001678622,<25,FACILITY_3,MALE,REVOCATION,HISPANIC,months_3_6
US_OZ,0000742277,<25,FACILITY_3,MALE,REVOCATION,BLACK,months_9_12
US_OZ,0006740012,<25,FACILITY_3,MALE,REVOCATION,BLACK,months_9_12
US_OZ,0009476462,<25,FACILITY_3,MALE,REVOCATION,HISPANIC,months_9_12
US_OZ,0007951669,<25,FACILITY_3,MALE,REVOCATION,HISPANIC,months_9_12
US_OZ,0001097408,<25,FACILITY_3,MALE,REVOCATION,WHITE,months_9_12
US_OZ,0006975313,<25,FACILITY_3,MALE,REVOCATION,WHITE,months_9_12
US_OZ,0003000649,<25,FACILITY_3,MALE,REVOCATION,BLACK,months_12_18
US_OZ,0007519093,<25,FACILITY_3,MALE,REVOCATION,BLACK,months_12_18
US_OZ,0001794945,<25,FACILITY_3,MALE,REVOCATION,HISPANIC,months_12_18
US_OZ,0007643491,<25,FACILITY_3,MALE,REVOCATION,HISPANIC,months_12_18
US_OZ,0004546467,<25,FACILITY_3,MALE,REVOCATION,BLACK,months_18_24
US_OZ,0008210902,<25,FACILITY_3,MALE,REVOCATION,HISPANIC,months_18_24
US_OZ,0008816578,<25,FACILITY_3,MALE,REVOCATION,HISPANIC,months_18_24
US_OZ,0009926936,<25,FACILITY_3,MALE,REVOCATION,WHITE,months_18_24
US_OZ,0000597721,<25,FACILITY_3,MALE,REVOCATION,WHITE,months_18_24
US_OZ,0004337882,<25,FACILITY_3,FEMALE,REVOCATION,BLACK,months_3_6
US_OZ,0004166960,<25,FACILITY_3,FEMALE,REVOCATION,BLACK,months_9_12
US_OZ,0008747293,<25,FACILITY_3,FEMALE,REVOCATION,BLACK,months_9_12
US_OZ,0004051707,<25,FACILITY_3,FEMALE,REVOCATION,WHITE,months_9_12
US_OZ,0001363077,<25,FACILITY_3,FEMALE,REVOCATION,WHITE,months_9_12
US_OZ,0004492864,<25,FACILITY_3,FEMALE,REVOCATION,BLACK,months_12_18
US_OZ,0000698785,<25,FACILITY_3,FEMALE,REVOCATION,BLACK,months_12_18
US_OZ,0005276367,<25,FACILITY_3,FEMALE,REVOCATION,WHITE,months_12_18
US_OZ,0009583321,<25,FACILITY_3,FEMALE,REVOCATION,WHITE,months_12_18
US_OZ,0002572711,<25,FACILITY_3,FEMALE,REVOCATION,HISPANIC,months_18_24
US_OZ,0002607696,<25,FACILITY_3,FEMALE,REVOCATION,WHITE,months_18_24
US_OZ,0008500363,<25,FACILITY_3,FEMALE,REVOCATION,WHITE,months_18_24
US_OZ,0008841597,<25,FACILITY_4,MALE,REVOCATION,BLACK,months_3_6
US_OZ,0000415274,<25,FACILITY_4,MALE,REVOCATION,HISPANIC,months_3_6
US_OZ,0009703093,<25,FACILITY_4,MALE,REVOCATION,HISPANIC,months_3_6
US_OZ,0002556903,<25,FACILITY_4,MALE,REVOCATION,WHITE,months_3_6
US_OZ,0009868161,<25,FACILITY_4,MALE,REVOCATION,WHITE,months_3_6
US_OZ,0002014356,<25,FACILITY_4,MALE,REVOCATION,BLACK,months_12_18
US_OZ,0006750960,<25,FACILITY_4,MALE,REVOCATION,HISPANIC,months_12_18
US_OZ,0000107958,<25,FACILITY_4,MALE,REVOCATION,HISPANIC,months_12_18
US_OZ,0004903875,<25,FACILITY_4,MALE,REVOCATION,BLACK,months_18_24
US_OZ,0007350359,<25,FACILITY_4,MALE,REVOCATION,BLACK,months_18_24
US_OZ,0005984550,<25,FACILITY_4,MALE,REVOCATION,HISPANIC,months_18_24
US_OZ,0002139630,<25,FACILITY_4,FEMALE,REVOCATION,BLACK,months_3_6
US_OZ,0002763553,<25,FACILITY_4,FEMALE,REVOCATION,BLACK,months_3_6
US_OZ,0000705981,<25,FACILITY_4,FEMALE,REVOCATION,HISPANIC,months_3_6
US_OZ,0000146621,<25,FACILITY_4,FEMALE,REVOCATION,WHITE,months_3_6
US_OZ,0007222330,<25,FACILITY_4,FEMALE,REVOCATION,WHITE,months_3_6
US_OZ,0000320959,<25,FACILITY_4,FEMALE,REVOCATION,HISPANIC,months_12_18
US_OZ,0006644569,<25,FACILITY_4,FEMALE,REVOCATION,HISPANIC,months_12_18
US_OZ,0003197357,<25,FACILITY_4,FEMALE,REVOCATION,WHITE,months_12_18
US_OZ,0003138408,<25,FACILITY_4,FEMALE,REVOCATION,HISPANIC,months_18_24
US_OZ,0006450237,<25,FACILITY_4,FEMALE,REVOCATION,WHITE,months_18_24
US_OZ,0000219016,<25,FACILITY_4,FEMALE,REVOCATION,WHITE,months_18_24
US_OZ,0001810154,<25,FACILITY_5,MALE,REVOCATION,BLACK,months_3_6
US_OZ,0007823727,<25,FACILITY_5,MALE,REVOCATION,HISPANIC,months_3_6
US_OZ,0001467248,<25,FACILITY_5,MALE,REVOCATION,WHITE,months_3_6
US_OZ,0000989592,<25,FACILITY_5,MALE,REVOCATION,WHITE,months_3_6
US_OZ,0008807671,<25,FACILITY_5,MALE,REVOCATION,BLACK,months_9_12
US_OZ,0004912949,<25,FACILITY_5,MALE,REVOCATION,BLACK,months_9_12
US_OZ,0009583788,<25,FACILITY_5,MALE,REVOCATION,WHITE,months_9_12
US_OZ,0004784819,<25,FACILITY_5,MALE,REVOCATION,BLACK,months_12_18
US_OZ,0009219098,<25,FACILITY_5,MALE,REVOCATION,BLACK,months_12_18
US_OZ,0005104873,<25,FACILITY_5,MALE,REVOCATION,WHITE,months_12_18
US_OZ,0008939863,<25,FACILITY_5,MALE,REVOCATION,WHITE,months_12_18
US_OZ,0003195948,<25,FACILITY_5,MALE,REVOCATION,BLACK,months_18_24
US_OZ,0006361508,<25,FACILITY_5,MALE,REVOCATION,HISPANIC,months_18_24
US_OZ,0003124620,<25,FACILITY_5,MALE,REVOCATION,HISPANIC,months_18_24
US_OZ,0009750808,<25,FACILITY_5,MALE,REVOCATION,WHITE,months_18_24
US_OZ,0005213899,<25,FACILITY_5,MALE,REVOCATION,WHITE,months_18_24
US_OZ,0007926369,<25,FACILITY_5,FEMALE,REVOCATION,WHITE,months_3_6
US_OZ,0000550496,<25,FACILITY_5,FEMALE,REVOCATION,BLACK,months_9_12
US_OZ,0005470567,<25,FACILITY_5,FEMALE,REVOCATION,BLACK,months_9_12
US_OZ,0004533593,<25,FACILITY_5,FEMALE,REVOCATION,BLACK,months_12_18
US_OZ,0009041598,<25,FACILITY_5,FEMALE,REVOCATION,HISPANIC,months_12_18
US_OZ,0001907936,<25,FACILITY_5,FEMALE,REVOCATION,HISPANIC,months_12_18
US_OZ,0008871084,<25,FACILITY_5,FEMALE,REVOCATION,WHITE,months_12_18
US_OZ,0009822056,<25,FACILITY_5,FEMALE,REVOCATION,WHITE,months_12_18
US_OZ,0003597645,<25,FACILITY_5,FEMALE,REVOCATION,BLACK,months_18_24
US_OZ,0007797827,<25,FACILITY_5,FEMALE,REVOCATION,BLACK,months_18_24
US_OZ,0009194474,<25,FACILITY_5,FEMALE,REVOCATION,HISPANIC,months_18_24
US_OZ,0008140488,25-29,FACILITY_1,MALE,REVOCATION,HISPANIC,months_3_6
US_OZ,0006747253,25-29,FACILITY_1,MALE,REVOCATION,HISPANIC,months_3_6
US_OZ,0004951206,25-29,FACILITY_1,MALE,REVOCATION,WHITE,months_3_6
US_OZ,0001488193,25-29,FACILITY_1,MALE,REVOCATION,WHITE,months_3_6
US_OZ,0007210548,25-29,FACILITY_1,MALE,REVOCATION,BLACK,months_9_12
US_OZ,0001427642,25-29,FACILITY_1,MALE,REVOCATION,BLACK,months_9_12
US_OZ,0007628140,25-29,FACILITY_1,MALE,REVOCATION,HISPANIC,months_9_12
US_OZ,0001481926,25-29,FACILITY_1,MALE,REVOCATION,HISPANIC,months_9_12
US_OZ,0006978316,25-29,FACILITY_1,MALE,REVOCATION,WHITE,months_9_12
US_OZ,0006950061,25-29,FACILITY_1,MALE,REVOCATION,WHITE,months_9_12
US_OZ,0009538318,25-29,FACILITY_1,MALE,REVOCATION,WHITE,months_12_18
US_OZ,0001916592,25-29,FACILITY_1,MALE,REVOCATION,WHITE,months_12_18
US_OZ,0003614962,25-29,FACILITY_1,MALE,REVOCATION,BLACK,months_18_24
US_OZ,0004761827,25-29,FACILITY_1,MALE,REVOCATION,WHITE,months_18_24
US_OZ,0005497646,25-29,FACILITY_1,MALE,REVOCATION,WHITE,months_18_24
US_OZ,0005167317,25-29,FACILITY_1,FEMALE,REVOCATION,BLACK,months_3_6
US_OZ,0001798196,25-29,FACILITY_1,FEMALE,REVOCATION,BLACK,months_3_6
US_OZ,0009126375,25-29,FACILITY_1,FEMALE,REVOCATION,HISPANIC,months_3_6
US_OZ,0007107149,25-29,FACILITY_1,FEMALE,REVOCATION,WHITE,months_3_6
US_OZ,0001621658,25-29,FACILITY_1,FEMALE,REVOCATION,WHITE,months_3_6
US_OZ,0009906139,25-29,FACILITY_1,FEMALE,REVOCATION,HISPANIC,months_9_12
US_OZ,0008879189,25-29,FACILITY_1,FEMALE,REVOCATION,WHITE,months_9_12
US_OZ,0007644392,25-29,FACILITY_1,FEMALE,REVOCATION,WHITE,months_9_12
US_OZ,0000160552,25-29,FACILITY_1,FEMALE,REVOCATION,WHITE,months_12_18
US_OZ,0009585229,25-29,FACILITY_1,FEMALE,REVOCATION,WHITE,months_12_18
US_OZ,0006779247,25-29,FACILITY_1,FEMALE,REVOCATION,HISPANIC,months_18_24
US_OZ,0008843426,25-29,FACILITY_1,FEMALE,REVOCATION,HISPANIC,months_18_24
US_OZ,0005408439,25-29,FACILITY_1,FEMALE,REVOCATION,WHITE,months_18_24
US_OZ,0006850824,25-29,FACILITY_1,FEMALE,REVOCATION,WHITE,months_18_24
US_OZ,0007423004,25-29,FACILITY_2,MALE,REVOCATION,BLACK,months_3_6
US_OZ,0004950389,25-29,FACILITY_2,MALE,REVOCATION,BLACK,months_3_6
US_OZ,0006977790,25-29,FACILITY_2,MALE,REVOCATION,WHITE,months_3_6
US_OZ,0005534309,25-29,FACILITY_2,MALE,REVOCATION,WHITE,months_3_6
US_OZ,0000352769,25-29,FACILITY_2,MALE,REVOCATION,BLACK,months_9_12
US_OZ,0007395468,25-29,FACILITY_2,MALE,REVOCATION,BLACK,months_9_12
US_OZ,0000077273,25-29,FACILITY_2,MALE,REVOCATION,BLACK,months_12_18
US_OZ,0008260105,25-29,FACILITY_2,MALE,REVOCATION,BLACK,months_12_18
US_OZ,0004814565,25-29,FACILITY_2,MALE,REVOCATION,WHITE,months_12_18
US_OZ,0007499003,25-29,FACILITY_2,MALE,REVOCATION,WHITE,months_12_18
US_OZ,0007513569,25-29,FACILITY_2,MALE,REVOCATION,HISPANIC,months_18_24
US_OZ,0004218866,25-29,FACILITY_2,MALE,REVOCATION,HISPANIC,months_18_24
US_OZ,0003976598,25-29,FACILITY_2,FEMALE,REVOCATION,BLACK,months_3_6
US_OZ,0002669218,25-29,FACILITY_2,FEMALE,REVOCATION,WHITE,months_3_6
US_OZ,0001520122,25-29,FACILITY_2,FEMALE,REVOCATION,WHITE,months_3_6
US_OZ,0001370358,25-29,FACILITY_2,FEMALE,REVOCATION,BLACK,months_9_12
US_OZ,0000529202,25-29,FACILITY_2,FEMALE,REVOCATION,BLACK,months_9_12
US_OZ,0005107728,25-29,FACILITY_2,FEMALE,REVOCATION,WHITE,months_9_12
US_OZ,0001527561,25-29,FACILITY_2,FEMALE,REVOCATION,WHITE,months_12_18
US_OZ,0006443303,25-29,FACILITY_2,FEMALE,REVOCATION,WHITE,months_12_18
US_OZ,0007553928,25-29,FACILITY_2,FEMALE,REVOCATION,BLACK,months_18_24
US_OZ,0009690682,25-29,FACILITY_2,FEMALE,REVOCATION,HISPANIC,months_18_24
US_OZ,0002692653,25-29,FACILITY_2,FEMALE,REVOCATION,WHITE,months_18_24
US_OZ,0006863621,25-29,FACILITY_2,FEMALE,REVOCATION,WHITE,months_18_24
US_OZ,0008773426,25-29,FACILITY_3,MALE,REVOCATION,BLACK,months_3_6
US_OZ,0009126636,25-29,FACILITY_3,MALE,REVOCATION,BLACK,months_3_6
US_OZ,0005902018,25-29,FACILITY_3,MALE,REVOCATION,WHITE,months_3_6
US_OZ,0001519045,25-29,FACILITY_3,MALE,REVOCATION,WHITE,months_3_6
US_OZ,0009108496,25-29,FACILITY_3,MALE,REVOCATION,BLACK,months_9_12
US_OZ,0009423545,25-29,FACILITY_3,MALE,REVOCATION,BLACK,months_9_12
US_OZ,0002902314,25-29,FACILITY_3,MALE,REVOCATION,HISPANIC,months_9_12
US_OZ,0006381894,25-29,FACILITY_3,MALE,REVOCATION,BLACK,months_12_18
US_OZ,0005528708,25-29,FACILITY_3,MALE,REVOCATION,WHITE,months_12_18
US_OZ,0003267447,25-29,FACILITY_3,MALE,REVOCATION,WHITE,months_12_18
US_OZ,0003610497,25-29,FACILITY_3,MALE,REVOCATION,BLACK,months_18_24
US_OZ,0003062781,25-29,FACILITY_3,MALE,REVOCATION,BLACK,months_18_24
US_OZ,0009383653,25-29,FACILITY_3,MALE,REVOCATION,HISPANIC,months_18_24
US_OZ,0009496492,25-29,FACILITY_3,MALE,REVOCATION,HISPANIC,months_18_24
US_OZ,0006892164,25-29,FACILITY_3,MALE,REVOCATION,WHITE,months_18_24
US_OZ,0003617485,25-29,FACILITY_3,FEMALE,REVOCATION,WHITE,months_3_6
US_OZ,0007185636,25-29,FACILITY_3,FEMALE,REVOCATION,BLACK,months_9_12
US_OZ,0002315491,25-29,FACILITY_3,FEMALE,REVOCATION,BLACK,months_12_18
US_OZ,0006224007,25-29,FACILITY_3,FEMALE,REVOCATION,BLACK,months_18_24
US_OZ,0001093618,25-29,FACILITY_3,FEMALE,REVOCATION,WHITE,months_18_24
US_OZ,0003427108,25-29,FACILITY_4,MALE,REVOCATION,BLACK,months_3_6
US_OZ,0003566407,25-29,FACILITY_4,MALE,REVOCATION,BLACK,months_3_6
US_OZ,0005110831,25-29,FACILITY_4,MALE,REVOCATION,HISPANIC,months_3_6
US_OZ,0007076652,25-29,FACILITY_4,MALE,REVOCATION,WHITE,months_3_6
US_OZ,0007706809,25-29,FACILITY_4,MALE,REVOCATION,BLACK,months_9_12
US_OZ,0001042895,25-29,FACILITY_4,MALE,REVOCATION,BLACK,months_9_12
US_OZ,0005699023,25-29,FACILITY_4,MALE,REVOCATION,HISPANIC,months_9_12
US_OZ,0009016299,25-29,FACILITY_4,MALE,REVOCATION,WHITE,months_9_12
US_OZ,0008116280,25-29,FACILITY_4,MALE,REVOCATION,WHITE,months_9_12
US_OZ,0003246720,25-29,FACILITY_4,MALE,REVOCATION,BLACK,months_12_18
US_OZ,0000178331,25-29,FACILITY_4,MALE,REVOCATION,BLACK,months_12_18
US_OZ,0005900646,25-29,FACILITY_4,MALE,REVOCATION,HISPANIC,months_12_18
US_OZ,0009383977,25-29,FACILITY_4,MALE,REVOCATION,WHITE,months_12_18
US_OZ,0005193198,25-29,FACILITY_4,MALE,REVOCATION,WHITE,months_12_18
US_OZ,0005166824,25-29,FACILITY_4,MALE,REVOCATION,WHITE,months_18_24
US_OZ,0001301953,25-29,FACILITY_4,FEMALE,REVOCATION,HISPANIC,months_3_6
US_OZ,0001796560,25-29,FACILITY_4,FEMALE,REVOCATION,BLACK,months_9_12
US_OZ,0004516449,25-29,FACILITY_4,FEMALE,REVOCATION,BLACK,months_12_18
US_OZ,0002480362,25-29,FACILITY_4,FEMALE,REVOCATION,HISPANIC,months_12_18
US_OZ,0008886173,25-29,FACILITY_4,FEMALE,REVOCATION,HISPANIC,months_12_18
US_OZ,0001122071,25-29,FACILITY_4,FEMALE,REVOCATION,WHITE,months_12_18
US_OZ,0006723443,25-29,FACILITY_4,FEMALE,REVOCATION,WHITE,months_12_18
US_OZ,0001405937,25-29,FACILITY_4,FEMALE,REVOCATION,BLACK,months_18_24
US_OZ,0007946555,25-29,FACILITY_4,FEMALE,REVOCATION,HISPANIC,months_18_24
US_OZ,0000100119,25-29,FACILITY_4,FEMALE,REVOCATION,HISPANIC,months_18_24
US_OZ,0001101287,25-29,FACILITY_4,FEMALE,REVOCATION,WHITE,months_18_24
US_OZ,0004701700,25-29,FACILITY_4,FEMALE,REVOCATION,WHITE,months_18_24
US_OZ,0002376031,25-29,FACILITY_5,MALE,REVOCATION,BLACK,months_3_6
US_OZ,0003264779,25-29,FACILITY_5,MALE,REVOCATION,BLACK,months_3_6
US_OZ,0005883609,25-29,FACILITY_5,MALE,REVOCATION,HISPANIC,months_3_6
US_OZ,0000084473,25-29,FACILITY_5,MALE,REVOCATION,HISPANIC,months_3_6
US_OZ,0004366378,25-29,FACILITY_5,MALE,REVOCATION,HISPANIC,months_9_12
US_OZ,0004363002,25-29,FACILITY_5,MALE,REVOCATION,WHITE,months_9_12
US_OZ,0003606093,25-29,FACILITY_5,MALE,REVOCATION,BLACK,months_12_18
US_OZ,0004702848,25-29,FACILITY_5,MALE,REVOCATION,HISPANIC,months_12_18
US_OZ,0001533170,25-29,FACILITY_5,MALE,REVOCATION,WHITE,months_18_24
US_OZ,0005581768,25-29,FACILITY_5,FEMALE,REVOCATION,BLACK,months_3_6
US_OZ,0000067981,25-29,FACILITY_5,FEMALE,REVOCATION,HISPANIC,months_3_6
US_OZ,0006198125,25-29,FACILITY_5,FEMALE,REVOCATION,WHITE,months_3_6
US_OZ,0002404877,25-29,FACILITY_5,FEMALE,REVOCATION,WHITE,months_3_6
US_OZ,0008651871,25-29,FACILITY_5,FEMALE,REVOCATION,HISPANIC,months_9_12
US_OZ,0005178747,25-29,FACILITY_5,FEMALE,REVOCATION,WHITE,months_9_12
US_OZ,0006140277,25-29,FACILITY_5,FEMALE,REVOCATION,WHITE,months_9_12
US_OZ,0003758460,25-29,FACILITY_5,FEMALE,REVOCATION,BLACK,months_12_18
US_OZ,0001324622,25-29,FACILITY_5,FEMALE,REVOCATION,BLACK,months_12_18
US_OZ,0009906862,25-29,FACILITY_5,FEMALE,REVOCATION,HISPANIC,months_12_18
US_OZ,0009645880,25-29,FACILITY_5,FEMALE,REVOCATION,WHITE,months_12_18
US_OZ,0000321229,25-29,FACILITY_5,FEMALE,REVOCATION,BLACK,months_18_24
US_OZ,0002445062,25-29,FACILITY_5,FEMALE,REVOCATION,HISPANIC,months_18_24
US_OZ,0002268863,25-29,FACILITY_5,FEMALE,REVOCATION,HISPANIC,months_18_24
US_OZ,0006773037,30-34,FACILITY_1,MALE,REVOCATION,BLACK,months_3_6
US_OZ,0003070051,30-34,FACILITY_1,MALE,REVOCATION,WHITE,months_3_6
US_OZ,0002207605,30-34,FACILITY_1,MALE,REVOCATION,WHITE,months_3_6
US_OZ,0003819064,30-34,FACILITY_1,MALE,REVOCATION,BLACK,months_9_12
US_OZ,0009638144,30-34,FACILITY_1,MALE,REVOCATION,HISPANIC,months_9_12
US_OZ,0004375272,30-34,FACILITY_1,MALE,REVOCATION,HISPANIC,months_12_18
US_OZ,0005153442,30-34,FACILITY_1,MALE,REVOCATION,HISPANIC,months_12_18
US_OZ,0005151984,30-34,FACILITY_1,MALE,REVOCATION,WHITE,months_12_18
US_OZ,0001895185,30-34,FACILITY_1,MALE,REVOCATION,BLACK,months_18_24
US_OZ,0009328960,30-34,FACILITY_1,MALE,REVOCATION,WHITE,months_18_24
US_OZ,0007080248,30-34,FACILITY_1,FEMALE,REVOCATION,WHITE,months_3_6
US_OZ,0000682880,30-34,FACILITY_1,FEMALE,REVOCATION,BLACK,months_9_12
US_OZ,0006099897,30-34,FACILITY_1,FEMALE,REVOCATION,BLACK,months_9_12
US_OZ,0002851924,30-34,FACILITY_1,FEMALE,REVOCATION,HISPANIC,months_9_12
US_OZ,0002333047,30-34,FACILITY_1,FEMALE,REVOCATION,WHITE,months_9_12
US_OZ,0007598825,30-34,FACILITY_1,FEMALE,REVOCATION,BLACK,months_12_18
US_OZ,0000167073,30-34,FACILITY_1,FEMALE,REVOCATION,BLACK,months_12_18
US_OZ,0002063733,30-34,FACILITY_1,FEMALE,REVOCATION,WHITE,months_12_18
US_OZ,0005758316,30-34,FACILITY_1,FEMALE,REVOCATION,BLACK,months_18_24
US_OZ,0008633174,30-34,FACILITY_1,FEMALE,REVOCATION,BLACK,months_18_24
US_OZ,0001465791,30-34,FACILITY_2,MALE,REVOCATION,BLACK,months_3_6
US_OZ,0005019733,30-34,FACILITY_2,MALE,REVOCATION,WHITE,months_3_6
US_OZ,0000988557,30-34,FACILITY_2,MALE,REVOCATION,WHITE,months_3_6
US_OZ,0001232852,30-34,FACILITY_2,MALE,REVOCATION,WHITE,months_9_12
US_OZ,0004071027,30-34,FACILITY_2,MALE,REVOCATION,BLACK,months_12_18
US_OZ,0003388604,30-34,FACILITY_2,MALE,REVOCATION,HISPANIC,months_12_18
US_OZ,0006160110,30-34,FACILITY_2,MALE,REVOCATION,WHITE,months_12_18
US_OZ,0007273898,30-34,FACILITY_2,MALE,REVOCATION,WHITE,months_12_18
US_OZ,0005140980,30-34,FACILITY_2,MALE,REVOCATION,BLACK,months_18_24
US_OZ,0008005107,30-34,FACILITY_2,MALE,REVOCATION,BLACK,months_18_24
US_OZ,0006398714,30-34,FACILITY_2,MALE,REVOCATION,HISPANIC,months_18_24
US_OZ,0008054438,30-34,FACILITY_2,MALE,REVOCATION,WHITE,months_18_24
US_OZ,0005653924,30-34,FACILITY_2,MALE,REVOCATION,WHITE,months_18_24
US_OZ,0006682404,30-34,FACILITY_2,FEMALE,REVOCATION,BLACK,months_3_6
US_OZ,0002635651,30-34,FACILITY_2,FEMALE,REVOCATION,BLACK,months_3_6
US_OZ,0001701887,30-34,FACILITY_2,FEMALE,REVOCATION,WHITE,months_3_6
US_OZ,0003088567,30-34,FACILITY_2,FEMALE,REVOCATION,WHITE,months_3_6
US_OZ,0004459350,30-34,FACILITY_2,FEMALE,REVOCATION,BLACK,months_9_12
US_OZ,0009231406,30-34,FACILITY_2,FEMALE,REVOCATION,HISPANIC,months_9_12
US_OZ,0003443391,30-34,FACILITY_2,FEMALE,REVOCATION,BLACK,months_12_18
US_OZ,0006302878,30-34,FACILITY_2,FEMALE,REVOCATION,BLACK,months_18_24
US_OZ,0009043223,30-34,FACILITY_2,FEMALE,REVOCATION,BLACK,months_18_24
US_OZ,0002019921,30-34,FACILITY_2,FEMALE,REVOCATION,HISPANIC,months_18_24
US_OZ,0000108727,30-34,FACILITY_3,MALE,REVOCATION,BLACK,months_9_12
US_OZ,0006218577,30-34,FACILITY_3,MALE,REVOCATION,WHITE,months_9_12
US_OZ,0002598594,30-34,FACILITY_3,MALE,REVOCATION,WHITE,months_9_12
US_OZ,0004738849,30-34,FACILITY_3,MALE,REVOCATION,HISPANIC,months_12_18
US_OZ,0003585666,30-34,FACILITY_3,MALE,REVOCATION,HISPANIC,months_12_18
US_OZ,0001970119,30-34,FACILITY_3,MALE,REVOCATION,BLACK,months_18_24
US_OZ,0007866533,30-34,FACILITY_3,FEMALE,REVOCATION,HISPANIC,months_3_6
US_OZ,0008065783,30-34,FACILITY_3,FEMALE,REVOCATION,WHITE,months_3_6
US_OZ,0000306571,30-34,FACILITY_3,FEMALE,REVOCATION,WHITE,months_3_6
US_OZ,0009015570,30-34,FACILITY_3,FEMALE,REVOCATION,BLACK,months_9_12
US_OZ,0001177686,30-34,FACILITY_3,FEMALE,REVOCATION,WHITE,months_9_12
US_OZ,0005501318,30-34,FACILITY_3,FEMALE,REVOCATION,WHITE,months_9_12
US_OZ,0006728904,30-34,FACILITY_3,FEMALE,REVOCATION,BLACK,months_12_18
US_OZ,0004866847,30-34,FACILITY_3,FEMALE,REVOCATION,BLACK,months_12_18
US_OZ,0003357852,30-34,FACILITY_3,FEMALE,REVOCATION,HISPANIC,months_12_18
US_OZ,0008900534,30-34,FACILITY_3,FEMALE,REVOCATION,WHITE,months_12_18
US_OZ,0007637307,30-34,FACILITY_3,FEMALE,REVOCATION,HISPANIC,months_18_24
US_OZ,0009962729,30-34,FACILITY_3,FEMALE,REVOCATION,HISPANIC,months_18_24
US_OZ,0008245566,30-34,FACILITY_4,MALE,REVOCATION,BLACK,months_3_6
US_OZ,0005183683,30-34,FACILITY_4,MALE,REVOCATION,HISPANIC,months_3_6
US_OZ,0004813716,30-34,FACILITY_4,MALE,REVOCATION,WHITE,months_3_6
US_OZ,0004290394,30-34,FACILITY_4,MALE,REVOCATION,HISPANIC,months_9_12
US_OZ,0007555543,30-34,FACILITY_4,MALE,REVOCATION,WHITE,months_9_12
US_OZ,0009195084,30-34,FACILITY_4,MALE,REVOCATION,BLACK,months_12_18
US_OZ,0007964465,30-34,FACILITY_4,MALE,REVOCATION,BLACK,months_12_18
US_OZ,0001896309,30-34,FACILITY_4,MALE,REVOCATION,HISPANIC,months_12_18
US_OZ,0001883306,30-34,FACILITY_4,MALE,REVOCATION,WHITE,months_18_24
US_OZ,0005577123,30-34,FACILITY_4,MALE,REVOCATION,WHITE,months_18_24
US_OZ,0001883280,30-34,FACILITY_4,FEMALE,REVOCATION,HISPANIC,months_3_6
US_OZ,0001150356,30-34,FACILITY_4,FEMALE,REVOCATION,HISPANIC,months_3_6
US_OZ,0005439376,30-34,FACILITY_4,FEMALE,REVOCATION,WHITE,months_3_6
US_OZ,0009218431,30-34,FACILITY_4,FEMALE,REVOCATION,BLACK,months_9_12
US_OZ,0001680474,30-34,FACILITY_4,FEMALE,REVOCATION,BLACK,months_9_12
US_OZ,0009165366,30-34,FACILITY_4,FEMALE,REVOCATION,HISPANIC,months_9_12
US_OZ,0003191119,30-34,FACILITY_4,FEMALE,REVOCATION,HISPANIC,months_12_18
US_OZ,0000504144,30-34,FACILITY_4,FEMALE,REVOCATION,HISPANIC,months_12_18
US_OZ,0005001497,30-34,FACILITY_4,FEMALE,REVOCATION,WHITE,months_12_18
US_OZ,0004501395,30-34,FACILITY_4,FEMALE,REVOCATION,WHITE,months_12_18
US_OZ,0004749383,30-34,FACILITY_4,FEMALE,REVOCATION,HISPANIC,months_18_24
US_OZ,0001875938,30-34,FACILITY_5,MALE,REVOCATION,HISPANIC,months_3_6
US_OZ,0000033199,30-34,FACILITY_5,MALE,REVOCATION,HISPANIC,months_3_6
US_OZ,0002251244,30-34,FACILITY_5,MALE,REVOCATION,BLACK,months_9_12
US_OZ,0005958067,30-34,FACILITY_5,MALE,REVOCATION,BLACK,months_9_12
US_OZ,0004994432,30-34,FACILITY_5,MALE,REVOCATION,HISPANIC,months_9_12
US_OZ,0006411328,30-34,FACILITY_5,MALE,REVOCATION,HISPANIC,months_9_12
US_OZ,0005468573,30-34,FACILITY_5,MALE,REVOCATION,WHITE,months_9_12
US_OZ,0008966582,30-34,FACILITY_5,MALE,REVOCATION,WHITE,months_9_12
US_OZ,0001362585,30-34,FACILITY_5,MALE,REVOCATION,BLACK,months_12_18
US_OZ,0000084049,30-34,FACILITY_5,MALE,REVOCATION,WHITE,months_12_18
US_OZ,0004093177,30-34,FACILITY_5,MALE,REVOCATION,WHITE,months_12_18
US_OZ,0008917136,30-34,FACILITY_5,MALE,REVOCATION,BLACK,months_18_24
US_OZ,0004148167,30-34,FACILITY_5,MALE,REVOCATION,HISPANIC,months_18_24
US_OZ,0008712318,30-34,FACILITY_5,MALE,REVOCATION,HISPANIC,months_18_24
US_OZ,0005574676,30-34,FACILITY_5,MALE,REVOCATION,WHITE,months_18_24
US_OZ,0007529559,30-34,FACILITY_5,MALE,REVOCATION,WHITE,months_18_24
US_OZ,0002119805,30-34,FACILITY_5,FEMALE,REVOCATION,BLACK,months_3_6
US_OZ,0002476786,30-34,FACILITY_5,FEMALE,REVOCATION,BLACK,months_3_6
US_OZ,0000438592,30-34,FACILITY_5,FEMALE,REVOCATION,WHITE,months_3_6
US_OZ,0004537890,30-34,FACILITY_5,FEMALE,REVOCATION,WHITE,months_3_6
US_OZ,0000517041,30-34,FACILITY_5,FEMALE,REVOCATION,HISPANIC,months_9_12
US_OZ,0007142803,30-34,FACILITY_5,FEMALE,REVOCATION,HISPANIC,months_9_12
US_OZ,0008369044,30-34,FACILITY_5,FEMALE,REVOCATION,HISPANIC,months_12_18
US_OZ,0009598738,30-34,FACILITY_5,FEMALE,REVOCATION,HISPANIC,months_12_18
US_OZ,0003674346,30-34,FACILITY_5,FEMALE,REVOCATION,WHITE,months_12_18
US_OZ,0006055353,30-34,FACILITY_5,FEMALE,REVOCATION,WHITE,months_12_18
US_OZ,0002218070,60+,FACILITY_1,MALE,REVOCATION,HISPANIC,months_3_6
US_OZ,0002019804,60+,FACILITY_1,MALE,REVOCATION,HISPANIC,months_9_12
US_OZ,0005171798,60+,FACILITY_1,MALE,REVOCATION,WHITE,months_9_12
US_OZ,0006678957,60+,FACILITY_1,MALE,REVOCATION,WHITE,months_9_12
US_OZ,0003144747,60+,FACILITY_1,MALE,REVOCATION,BLACK,months_12_18
US_OZ,0006419347,60+,FACILITY_1,MALE,REVOCATION,BLACK,months_12_18
US_OZ,0003781369,60+,FACILITY_1,MALE,REVOCATION,HISPANIC,months_12_18
US_OZ,0007703528,60+,FACILITY_1,MALE,REVOCATION,HISPANIC,months_18_24
US_OZ,0008508232,60+,FACILITY_1,MALE,REVOCATION,WHITE,months_18_24
US_OZ,0005175203,60+,FACILITY_1,FEMALE,REVOCATION,BLACK,months_3_6
US_OZ,0003575195,60+,FACILITY_1,FEMALE,REVOCATION,HISPANIC,months_3_6
US_OZ,0005738707,60+,FACILITY_1,FEMALE,REVOCATION,HISPANIC,months_3_6
US_OZ,0008441843,60+,FACILITY_1,FEMALE,REVOCATION,WHITE,months_3_6
US_OZ,0009484419,60+,FACILITY_1,FEMALE,REVOCATION,BLACK,months_9_12
US_OZ,0008450036,60+,FACILITY_1,FEMALE,REVOCATION,HISPANIC,months_9_12
US_OZ,0007067726,60+,FACILITY_1,FEMALE,REVOCATION,WHITE,months_9_12
US_OZ,0007261927,60+,FACILITY_1,FEMALE,REVOCATION,WHITE,months_9_12
US_OZ,0001699000,60+,FACILITY_1,FEMALE,REVOCATION,BLACK,months_12_18
US_OZ,0004553767,60+,FACILITY_1,FEMALE,REVOCATION,HISPANIC,months_12_18
US_OZ,0006029264,60+,FACILITY_1,FEMALE,REVOCATION,BLACK,months_18_24
US_OZ,0001795407,60+,FACILITY_1,FEMALE,REVOCATION,BLACK,months_18_24
US_OZ,0009553825,60+,FACILITY_2,MALE,REVOCATION,BLACK,months_3_6
US_OZ,0002892829,60+,FACILITY_2,MALE,REVOCATION,BLACK,months_3_6
US_OZ,0007084711,60+,FACILITY_2,MALE,REVOCATION,HISPANIC,months_3_6
US_OZ,0007190547,60+,FACILITY_2,MALE,REVOCATION,HISPANIC,months_3_6
US_OZ,0000546294,60+,FACILITY_2,MALE,REVOCATION,WHITE,months_3_6
US_OZ,0004518340,60+,FACILITY_2,MALE,REVOCATION,BLACK,months_9_12
US_OZ,0000484417,60+,FACILITY_2,MALE,REVOCATION,WHITE,months_9_12
US_OZ,0009344084,60+,FACILITY_2,MALE,REVOCATION,HISPANIC,months_12_18
US_OZ,0008093277,60+,FACILITY_2,MALE,REVOCATION,HISPANIC,months_12_18
US_OZ,0009159618,60+,FACILITY_2,MALE,REVOCATION,BLACK,months_18_24
US_OZ,0007299308,60+,FACILITY_2,MALE,REVOCATION,BLACK,months_18_24
US_OZ,0007429950,60+,FACILITY_2,MALE,REVOCATION,HISPANIC,months_18_24
US_OZ,0000434031,60+,FACILITY_2,MALE,REVOCATION,WHITE,months_18_24
US_OZ,0003762038,60+,FACILITY_2,FEMALE,REVOCATION,BLACK,months_3_6
US_OZ,0004277015,60+,FACILITY_2,FEMALE,REVOCATION,HISPANIC,months_3_6
US_OZ,0001227137,60+,FACILITY_2,FEMALE,REVOCATION,HISPANIC,months_3_6
US_OZ,0000811132,60+,FACILITY_2,FEMALE,REVOCATION,WHITE,months_3_6
US_OZ,0008998892,60+,FACILITY_2,FEMALE,REVOCATION,WHITE,months_3_6
US_OZ,0008271549,60+,FACILITY_2,FEMALE,REVOCATION,HISPANIC,months_9_12
US_OZ,0006028705,60+,FACILITY_2,FEMALE,REVOCATION,HISPANIC,months_9_12
US_OZ,0003730828,60+,FACILITY_2,FEMALE,REVOCATION,BLACK,months_12_18
US_OZ,0008642212,60+,FACILITY_2,FEMALE,REVOCATION,HISPANIC,months_12_18
US_OZ,0007146997,60+,FACILITY_2,FEMALE,REVOCATION,WHITE,months_12_18
US_OZ,0005208837,60+,FACILITY_2,FEMALE,REVOCATION,BLACK,months_18_24
US_OZ,0009456550,60+,FACILITY_2,FEMALE,REVOCATION,BLACK,months_18_24
US_OZ,0005416299,60+,FACILITY_3,MALE,REVOCATION,BLACK,months_3_6
US_OZ,0001319960,60+,FACILITY_3,MALE,REVOCATION,HISPANIC,months_3_6
US_OZ,0002645643,60+,FACILITY_3,MALE,REVOCATION,WHITE,months_3_6
US_OZ,0007529898,60+,FACILITY_3,MALE,REVOCATION,BLACK,months_12_18
US_OZ,0007197415,60+,FACILITY_3,MALE,REVOCATION,WHITE,months_12_18
US_OZ,0001082413,60+,FACILITY_3,MALE,REVOCATION,WHITE,months_12_18
US_OZ,0000450400,60+,FACILITY_3,MALE,REVOCATION,BLACK,months_18_24
US_OZ,0003944606,60+,FACILITY_3,MALE,REVOCATION,HISPANIC,months_18_24
US_OZ,0001017630,60+,FACILITY_3,MALE,REVOCATION,HISPANIC,months_18_24
US_OZ,0001267107,60+,FACILITY_3,MALE,REVOCATION,WHITE,months_18_24
US_OZ,0009794215,60+,FACILITY_3,MALE,REVOCATION,WHITE,months_18_24
US_OZ,0005051247,60+,FACILITY_3,FEMALE,REVOCATION,HISPANIC,months_3_6
US_OZ,0006169650,60+,FACILITY_3,FEMALE,REVOCATION,WHITE,months_3_6
US_OZ,0002283906,60+,FACILITY_3,FEMALE,REVOCATION,WHITE,months_3_6
US_OZ,0009715662,60+,FACILITY_3,FEMALE,REVOCATION,BLACK,months_9_12
US_OZ,0007907812,60+,FACILITY_3,FEMALE,REVOCATION,HISPANIC,months_9_12
US_OZ,0007679145,60+,FACILITY_3,FEMALE,REVOCATION,WHITE,months_9_12
US_OZ,0007770828,60+,FACILITY_3,FEMALE,REVOCATION,WHITE,months_9_12
US_OZ,0002691211,60+,FACILITY_3,FEMALE,REVOCATION,BLACK,months_12_18
US_OZ,0009881140,60+,FACILITY_3,FEMALE,REVOCATION,BLACK,months_12_18
US_OZ,0009392885,60+,FACILITY_3,FEMALE,REVOCATION,HISPANIC,months_12_18
US_OZ,0003547192,60+,FACILITY_3,FEMALE,REVOCATION,HISPANIC,months_12_18
US_OZ,0007425228,60+,FACILITY_3,FEMALE,REVOCATION,WHITE,months_12_18
US_OZ,0000270840,60+,FACILITY_3,FEMALE,REVOCATION,WHITE,months_12_18
US_OZ,0009321374,60+,FACILITY_4,MALE,REVOCATION,BLACK,months_3_6
US_OZ,0000147778,60+,FACILITY_4,MALE,REVOCATION,BLACK,months_3_6
US_OZ,0000634155,60+,FACILITY_4,MALE,REVOCATION,HISPANIC,months_3_6
US_OZ,0003383294,60+,FACILITY_4,MALE,REVOCATION,HISPANIC,months_3_6
US_OZ,0004022502,60+,FACILITY_4,MALE,REVOCATION,WHITE,months_3_6
US_OZ,0000105735,60+,FACILITY_4,MALE,REVOCATION,HISPANIC,months_9_12
US_OZ,0000815375,60+,FACILITY_4,MALE,REVOCATION,WHITE,months_9_12
US_OZ,0005028897,60+,FACILITY_4,MALE,REVOCATION,WHITE,months_12_18
US_OZ,0004708446,60+,FACILITY_4,MALE,REVOCATION,BLACK,months_18_24
US_OZ,0009483019,60+,FACILITY_4,MALE,REVOCATION,BLACK,months_18_24
US_OZ,0001859416,60+,FACILITY_4,MALE,REVOCATION,WHITE,months_18_24
US_OZ,0004857400,60+,FACILITY_4,MALE,REVOCATION,WHITE,months_18_24
US_OZ,0007740169,60+,FACILITY_4,FEMALE,REVOCATION,BLACK,months_3_6
US_OZ,0002052283,60+,FACILITY_4,FEMALE,REVOCATION,HISPANIC,months_3_6
US_OZ,0004881354,60+,FACILITY_4,FEMALE,REVOCATION,WHITE,months_3_6
US_OZ,0003246640,60+,FACILITY_4,FEMALE,REVOCATION,WHITE,months_3_6
US_OZ,0000026079,60+,FACILITY_4,FEMALE,REVOCATION,BLACK,months_9_12
US_OZ,0001845739,60+,FACILITY_4,FEMALE,REVOCATION,BLACK,months_9_12
US_OZ,0007944977,60+,FACILITY_4,FEMALE,REVOCATION,HISPANIC,months_9_12
US_OZ,0001394502,60+,FACILITY_4,FEMALE,REVOCATION,HISPANIC,months_9_12
US_OZ,0009016535,60+,FACILITY_4,FEMALE,REVOCATION,WHITE,months_9_12
US_OZ,0002299105,60+,FACILITY_4,FEMALE,REVOCATION,BLACK,months_12_18
US_OZ,0002864479,60+,FACILITY_4,FEMALE,REVOCATION,WHITE,months_12_18
US_OZ,0009624009,60+,FACILITY_4,FEMALE,REVOCATION,WHITE,months_12_18
US_OZ,0000912054,60+,FACILITY_4,FEMALE,REVOCATION,BLACK,months_18_24
US_OZ,0000210820,60+,FACILITY_4,FEMALE,REVOCATION,HISPANIC,months_18_24
US_OZ,0007003489,60+,FACILITY_4,FEMALE,REVOCATION,WHITE,months_18_24
US_OZ,0002556699,60+,FACILITY_5,MALE,REVOCATION,HISPANIC,months_3_6
US_OZ,0007050000,60+,FACILITY_5,MALE,REVOCATION,HISPANIC,months_3_6
US_OZ,0009319334,60+,FACILITY_5,MALE,REVOCATION,WHITE,months_3_6
US_OZ,0006029547,60+,FACILITY_5,MALE,REVOCATION,WHITE,months_3_6
US_OZ,0002776867,60+,FACILITY_5,MALE,REVOCATION,BLACK,months_12_18
US_OZ,0002801571,60+,FACILITY_5,MALE,REVOCATION,HISPANIC,months_12_18
US_OZ,0008716152,60+,FACILITY_5,MALE,REVOCATION,HISPANIC,months_12_18
US_OZ,0008356154,60+,FACILITY_5,MALE,REVOCATION,BLACK,months_18_24
US_OZ,0000123697,60+,FACILITY_5,MALE,REVOCATION,BLACK,months_18_24
US_OZ,0000634241,60+,FACILITY_5,FEMALE,REVOCATION,HISPANIC,months_3_6
US_OZ,0000092226,60+,FACILITY_5,FEMALE,REVOCATION,HISPANIC,months_3_6
US_OZ,0005356843,60+,FACILITY_5,FEMALE,REVOCATION,WHITE,months_3_6
US_OZ,0002699569,60+,FACILITY_5,FEMALE,REVOCATION,WHITE,months_3_6
US_OZ,0006654105,60+,FACILITY_5,FEMALE,REVOCATION,HISPANIC,months_9_12
US_OZ,0008623820,60+,FACILITY_5,FEMALE,REVOCATION,BLACK,months_12_18
US_OZ,0007267689,60+,FACILITY_5,FEMALE,REVOCATION,HISPANIC,months_12_18
US_OZ,0005427634,60+,FACILITY_5,FEMALE,REVOCATION,HISPANIC,months_12_18
US_OZ,0001221545,60+,FACILITY_5,FEMALE,REVOCATION,WHITE,months_12_18
US_OZ,0006822268,60+,FACILITY_5,FEMALE,REVOCATION,WHITE,months_12_18
US_OZ,0001800148,60+,FACILITY_5,FEMALE,REVOCATION,BLACK,months_18_24
US_OZ,0007676836,60+,FACILITY_5,FEMALE,REVOCATION,HISPANIC,months_18_24
US_OZ,0004896875,60+,FACILITY_5,FEMALE,REVOCATION,WHITE,months_18_24
US_OZ,0008752480,60+,FACILITY_5,FEMALE,REVOCATION,WHITE,months_18_24
US_OZ,0009956373,<25,FACILITY_1,MALE,TRANSFER,HISPANIC,months_3_6
US_OZ,0007721053,<25,FACILITY_1,MALE,TRANSFER,WHITE,months_3_6
US_OZ,0003675627,<25,FACILITY_1,MALE,TRANSFER,BLACK,months_9_12
US_OZ,0009029455,<25,FACILITY_1,MALE,TRANSFER,BLACK,months_9_12
US_OZ,0004047902,<25,FACILITY_1,MALE,TRANSFER,HISPANIC,months_9_12
US_OZ,0007840467,<25,FACILITY_1,MALE,TRANSFER,WHITE,months_9_12
US_OZ,0002670247,<25,FACILITY_1,MALE,TRANSFER,BLACK,months_12_18
US_OZ,0006055473,<25,FACILITY_1,MALE,TRANSFER,BLACK,months_12_18
US_OZ,0005602922,<25,FACILITY_1,MALE,TRANSFER,BLACK,months_18_24
US_OZ,0001305464,<25,FACILITY_1,MALE,TRANSFER,HISPANIC,months_18_24
US_OZ,0004178458,<25,FACILITY_1,MALE,TRANSFER,WHITE,months_18_24
US_OZ,0009245818,<25,FACILITY_1,MALE,TRANSFER,WHITE,months_18_24
US_OZ,0005910610,<25,FACILITY_1,FEMALE,TRANSFER,BLACK,months_3_6
US_OZ,0003333270,<25,FACILITY_1,FEMALE,TRANSFER,WHITE,months_3_6
US_OZ,0008241653,<25,FACILITY_1,FEMALE,TRANSFER,WHITE,months_3_6
US_OZ,0004673565,<25,FACILITY_1,FEMALE,TRANSFER,BLACK,months_9_12
US_OZ,0004557413,<25,FACILITY_1,FEMALE,TRANSFER,HISPANIC,months_18_24
US_OZ,0004188537,<25,FACILITY_1,FEMALE,TRANSFER,HISPANIC,months_18_24
US_OZ,0008323040,<25,FACILITY_1,FEMALE,TRANSFER,WHITE,months_18_24
US_OZ,0006415913,<25,FACILITY_1,FEMALE,TRANSFER,WHITE,months_18_24
US_OZ,0003192796,<25,FACILITY_2,MALE,TRANSFER,BLACK,months_3_6
US_OZ,0008780443,<25,FACILITY_2,MALE,TRANSFER,HISPANIC,months_3_6
US_OZ,0004700508,<25,FACILITY_2,MALE,TRANSFER,HISPANIC,months_3_6
US_OZ,0009764440,<25,FACILITY_2,MALE,TRANSFER,WHITE,months_9_12
US_OZ,0008414070,<25,FACILITY_2,MALE,TRANSFER,BLACK,months_12_18
US_OZ,0000323100,<25,FACILITY_2,MALE,TRANSFER,HISPANIC,months_12_18
US_OZ,0007987496,<25,FACILITY_2,MALE,TRANSFER,HISPANIC,months_12_18
US_OZ,0005684703,<25,FACILITY_2,MALE,TRANSFER,WHITE,months_12_18
US_OZ,0008408031,<25,FACILITY_2,MALE,TRANSFER,BLACK,months_18_24
US_OZ,0005544449,<25,FACILITY_2,MALE,TRANSFER,BLACK,months_18_24
US_OZ,0005974644,<25,FACILITY_2,MALE,TRANSFER,HISPANIC,months_18_24
US_OZ,0001513987,<25,FACILITY_2,MALE,TRANSFER,HISPANIC,months_18_24
US_OZ,0006092779,<25,FACILITY_2,FEMALE,TRANSFER,BLACK,months_3_6
US_OZ,0001351364,<25,FACILITY_2,FEMALE,TRANSFER,BLACK,months_9_12
US_OZ,0000221779,<25,FACILITY_2,FEMALE,TRANSFER,WHITE,months_9_12
US_OZ,0003507276,<25,FACILITY_2,FEMALE,TRANSFER,BLACK,months_12_18
US_OZ,0006477910,<25,FACILITY_2,FEMALE,TRANSFER,BLACK,months_12_18
US_OZ,0000200091,<25,FACILITY_2,FEMALE,TRANSFER,BLACK,months_18_24
US_OZ,0001881794,<25,FACILITY_2,FEMALE,TRANSFER,BLACK,months_18_24
US_OZ,0005602292,<25,FACILITY_2,FEMALE,TRANSFER,HISPANIC,months_18_24
US_OZ,0000760318,<25,FACILITY_2,FEMALE,TRANSFER,HISPANIC,months_18_24
US_OZ,0007601165,<25,FACILITY_2,FEMALE,TRANSFER,WHITE,months_18_24
US_OZ,0008077365,<25,FACILITY_2,FEMALE,TRANSFER,WHITE,months_18_24
US_OZ,0009783913,<25,FACILITY_3,MALE,TRANSFER,BLACK,months_3_6
US_OZ,0002854536,<25,FACILITY_3,MALE,TRANSFER,BLACK,months_3_6
US_OZ,0001698755,<25,FACILITY_3,MALE,TRANSFER,HISPANIC,months_3_6
US_OZ,0004059544,<25,FACILITY_3,MALE,TRANSFER,HISPANIC,months_3_6
US_OZ,0000175291,<25,FACILITY_3,MALE,TRANSFER,BLACK,months_9_12
US_OZ,0008255277,<25,FACILITY_3,MALE,TRANSFER,HISPANIC,months_9_12
US_OZ,0005734279,<25,FACILITY_3,MALE,TRANSFER,HISPANIC,months_9_12
US_OZ,0009639832,<25,FACILITY_3,MALE,TRANSFER,WHITE,months_9_12
US_OZ,0009489733,<25,FACILITY_3,MALE,TRANSFER,WHITE,months_9_12
US_OZ,0003171799,<25,FACILITY_3,MALE,TRANSFER,BLACK,months_12_18
US_OZ,0003739345,<25,FACILITY_3,MALE,TRANSFER,BLACK,months_12_18
US_OZ,0009295690,<25,FACILITY_3,MALE,TRANSFER,HISPANIC,months_12_18
US_OZ,0007689853,<25,FACILITY_3,MALE,TRANSFER,WHITE,months_12_18
US_OZ,0005748879,<25,FACILITY_3,MALE,TRANSFER,BLACK,months_18_24
US_OZ,0004689109,<25,FACILITY_3,MALE,TRANSFER,HISPANIC,months_18_24
US_OZ,0002868094,<25,FACILITY_3,MALE,TRANSFER,HISPANIC,months_18_24
US_OZ,0001268823,<25,FACILITY_3,MALE,TRANSFER,WHITE,months_18_24
US_OZ,0005587136,<25,FACILITY_3,MALE,TRANSFER,WHITE,months_18_24
US_OZ,0001358867,<25,FACILITY_3,FEMALE,TRANSFER,BLACK,months_3_6
US_OZ,0003394867,<25,FACILITY_3,FEMALE,TRANSFER,BLACK,months_3_6
US_OZ,0008542470,<25,FACILITY_3,FEMALE,TRANSFER,HISPANIC,months_3_6
US_OZ,0006526010,<25,FACILITY_3,FEMALE,TRANSFER,HISPANIC,months_3_6
US_OZ,0005019666,<25,FACILITY_3,FEMALE,TRANSFER,HISPANIC,months_9_12
US_OZ,0007186229,<25,FACILITY_3,FEMALE,TRANSFER,WHITE,months_9_12
US_OZ,0000113354,<25,FACILITY_3,FEMALE,TRANSFER,WHITE,months_9_12
US_OZ,0007212483,<25,FACILITY_3,FEMALE,TRANSFER,BLACK,months_12_18
US_OZ,0001824736,<25,FACILITY_3,FEMALE,TRANSFER,HISPANIC,months_12_18
US_OZ,0001398764,<25,FACILITY_3,FEMALE,TRANSFER,WHITE,months_12_18
US_OZ,0003198418,<25,FACILITY_3,FEMALE,TRANSFER,WHITE,months_12_18
US_OZ,0001944028,<25,FACILITY_3,FEMALE,TRANSFER,BLACK,months_18_24
US_OZ,0001882638,<25,FACILITY_3,FEMALE,TRANSFER,HISPANIC,months_18_24
US_OZ,0008268202,<25,FACILITY_4,MALE,TRANSFER,BLACK,months_3_6
US_OZ,0000602131,<25,FACILITY_4,MALE,TRANSFER,BLACK,months_3_6
US_OZ,0004543215,<25,FACILITY_4,MALE,TRANSFER,HISPANIC,months_3_6
US_OZ,0004818182,<25,FACILITY_4,MALE,TRANSFER,HISPANIC,months_3_6
US_OZ,0000695548,<25,FACILITY_4,MALE,TRANSFER,BLACK,months_9_12
US_OZ,0004256231,<25,FACILITY_4,MALE,TRANSFER,HISPANIC,months_9_12
US_OZ,0001516367,<25,FACILITY_4,MALE,TRANSFER,HISPANIC,months_9_12
US_OZ,0006568695,<25,FACILITY_4,MALE,TRANSFER,HISPANIC,months_12_18
US_OZ,0008732878,<25,FACILITY_4,MALE,TRANSFER,HISPANIC,months_12_18
US_OZ,0005153069,<25,FACILITY_4,MALE,TRANSFER,WHITE,months_12_18
US_OZ,0000626922,<25,FACILITY_4,MALE,TRANSFER,HISPANIC,months_18_24
US_OZ,0007188114,<25,FACILITY_4,MALE,TRANSFER,HISPANIC,months_18_24
US_OZ,0006379929,<25,FACILITY_4,MALE,TRANSFER,WHITE,months_18_24
US_OZ,0005884769,<25,FACILITY_4,MALE,TRANSFER,WHITE,months_18_24
US_OZ,0003302915,<25,FACILITY_4,FEMALE,TRANSFER,BLACK,months_3_6
US_OZ,0006569408,<25,FACILITY_4,FEMALE,TRANSFER,BLACK,months_3_6
US_OZ,0006972965,<25,FACILITY_4,FEMALE,TRANSFER,HISPANIC,months_3_6
US_OZ,0006649036,<25,FACILITY_4,FEMALE,TRANSFER,HISPANIC,months_3_6
US_OZ,0007621278,<25,FACILITY_4,FEMALE,TRANSFER,WHITE,months_3_6
US_OZ,0003563177,<25,FACILITY_4,FEMALE,TRANSFER,BLACK,months_9_12
US_OZ,0002811461,<25,FACILITY_4,FEMALE,TRANSFER,BLACK,months_9_12
US_OZ,0007482530,<25,FACILITY_4,FEMALE,TRANSFER,WHITE,months_9_12
US_OZ,0000934234,<25,FACILITY_4,FEMALE,TRANSFER,HISPANIC,months_12_18
US_OZ,0008058986,<25,FACILITY_4,FEMALE,TRANSFER,HISPANIC,months_12_18
US_OZ,0006647271,<25,FACILITY_4,FEMALE,TRANSFER,WHITE,months_12_18
US_OZ,0007186824,<25,FACILITY_4,FEMALE,TRANSFER,HISPANIC,months_18_24
US_OZ,0000141931,<25,FACILITY_4,FEMALE,TRANSFER,WHITE,months_18_24
US_OZ,0001517925,<25,FACILITY_5,MALE,TRANSFER,BLACK,months_9_12
US_OZ,0004515223,<25,FACILITY_5,MALE,TRANSFER,BLACK,months_9_12
US_OZ,0005458082,<25,FACILITY_5,MALE,TRANSFER,HISPANIC,months_9_12
US_OZ,0009081010,<25,FACILITY_5,MALE,TRANSFER,HISPANIC,months_12_18
US_OZ,0000413912,<25,FACILITY_5,MALE,TRANSFER,HISPANIC,months_18_24
US_OZ,0001408492,<25,FACILITY_5,MALE,TRANSFER,WHITE,months_18_24
US_OZ,0006363504,<25,FACILITY_5,FEMALE,TRANSFER,BLACK,months_3_6
US_OZ,0005136274,<25,FACILITY_5,FEMALE,TRANSFER,BLACK,months_3_6
US_OZ,0005880431,<25,FACILITY_5,FEMALE,TRANSFER,HISPANIC,months_3_6
US_OZ,0000829747,<25,FACILITY_5,FEMALE,TRANSFER,HISPANIC,months_3_6
US_OZ,0001296536,<25,FACILITY_5,FEMALE,TRANSFER,WHITE,months_3_6
US_OZ,0006829102,<25,FACILITY_5,FEMALE,TRANSFER,HISPANIC,months_9_12
US_OZ,0005511116,<25,FACILITY_5,FEMALE,TRANSFER,BLACK,months_12_18
US_OZ,0004368024,<25,FACILITY_5,FEMALE,TRANSFER,BLACK,months_12_18
US_OZ,0008358738,<25,FACILITY_5,FEMALE,TRANSFER,HISPANIC,months_12_18
US_OZ,0005198568,<25,FACILITY_5,FEMALE,TRANSFER,WHITE,months_12_18
US_OZ,0005900565,<25,FACILITY_5,FEMALE,TRANSFER,WHITE,months_12_18
US_OZ,0004817053,<25,FACILITY_5,FEMALE,TRANSFER,BLACK,months_18_24
US_OZ,0004249203,<25,FACILITY_5,FEMALE,TRANSFER,BLACK,months_18_24
US_OZ,0003995135,<25,FACILITY_5,FEMALE,TRANSFER,WHITE,months_18_24
US_OZ,0005221151,<25,FACILITY_5,FEMALE,TRANSFER,WHITE,months_18_24
US_OZ,0001878727,25-29,FACILITY_1,MALE,TRANSFER,BLACK,months_3_6
US_OZ,0006364098,25-29,FACILITY_1,MALE,TRANSFER,BLACK,months_3_6
US_OZ,0001431580,25-29,FACILITY_1,MALE,TRANSFER,HISPANIC,months_3_6
US_OZ,0002493840,25-29,FACILITY_1,MALE,TRANSFER,HISPANIC,months_3_6
US_OZ,0000632375,25-29,FACILITY_1,MALE,TRANSFER,WHITE,months_3_6
US_OZ,0006122430,25-29,FACILITY_1,MALE,TRANSFER,BLACK,months_9_12
US_OZ,0009909751,25-29,FACILITY_1,MALE,TRANSFER,BLACK,months_9_12
US_OZ,0004918053,25-29,FACILITY_1,MALE,TRANSFER,BLACK,months_12_18
US_OZ,0008866930,25-29,FACILITY_1,MALE,TRANSFER,WHITE,months_12_18
US_OZ,0002251696,25-29,FACILITY_1,MALE,TRANSFER,BLACK,months_18_24
US_OZ,0002001434,25-29,FACILITY_1,MALE,TRANSFER,BLACK,months_18_24
US_OZ,0001043729,25-29,FACILITY_1,MALE,TRANSFER,HISPANIC,months_18_24
US_OZ,0005868086,25-29,FACILITY_1,FEMALE,TRANSFER,BLACK,months_3_6
US_OZ,0003239906,25-29,FACILITY_1,FEMALE,TRANSFER,BLACK,months_3_6
US_OZ,0007110066,25-29,FACILITY_1,FEMALE,TRANSFER,WHITE,months_3_6
US_OZ,0009583277,25-29,FACILITY_1,FEMALE,TRANSFER,BLACK,months_12_18
US_OZ,0008877014,25-29,FACILITY_1,FEMALE,TRANSFER,HISPANIC,months_12_18
US_OZ,0009008741,25-29,FACILITY_1,FEMALE,TRANSFER,WHITE,months_12_18
US_OZ,0005874481,25-29,FACILITY_1,FEMALE,TRANSFER,BLACK,months_18_24
US_OZ,0001906486,25-29,FACILITY_1,FEMALE,TRANSFER,BLACK,months_18_24
US_OZ,0000211354,25-29,FACILITY_1,FEMALE,TRANSFER,HISPANIC,months_18_24
US_OZ,0006540165,25-29,FACILITY_1,FEMALE,TRANSFER,WHITE,months_18_24
US_OZ,0007726573,25-29,FACILITY_2,MALE,TRANSFER,BLACK,months_3_6
US_OZ,0000754608,25-29,FACILITY_2,MALE,TRANSFER,HISPANIC,months_3_6
US_OZ,0002596810,25-29,FACILITY_2,MALE,TRANSFER,HISPANIC,months_3_6
US_OZ,0006796588,25-29,FACILITY_2,MALE,TRANSFER,WHITE,months_3_6
US_OZ,0004916659,25-29,FACILITY_2,MALE,TRANSFER,BLACK,months_9_12
US_OZ,0009694525,25-29,FACILITY_2,MALE,TRANSFER,HISPANIC,months_9_12
US_OZ,0002521536,25-29,FACILITY_2,MALE,TRANSFER,HISPANIC,months_9_12
US_OZ,0009250382,25-29,FACILITY_2,MALE,TRANSFER,WHITE,months_9_12
US_OZ,0005254127,25-29,FACILITY_2,MALE,TRANSFER,HISPANIC,months_12_18
US_OZ,0008220463,25-29,FACILITY_2,MALE,TRANSFER,HISPANIC,months_12_18
US_OZ,0001910652,25-29,FACILITY_2,MALE,TRANSFER,WHITE,months_12_18
US_OZ,0007411654,25-29,FACILITY_2,MALE,TRANSFER,BLACK,months_18_24
US_OZ,0000655380,25-29,FACILITY_2,MALE,TRANSFER,BLACK,months_18_24
US_OZ,0004400251,25-29,FACILITY_2,MALE,TRANSFER,HISPANIC,months_18_24
US_OZ,0007961057,25-29,FACILITY_2,MALE,TRANSFER,HISPANIC,months_18_24
US_OZ,0009496515,25-29,FACILITY_2,MALE,TRANSFER,WHITE,months_18_24
US_OZ,0004715544,25-29,FACILITY_2,MALE,TRANSFER,WHITE,months_18_24
US_OZ,0001886059,25-29,FACILITY_2,FEMALE,TRANSFER,BLACK,months_3_6
US_OZ,0004956745,25-29,FACILITY_2,FEMALE,TRANSFER,BLACK,months_3_6
US_OZ,0003194458,25-29,FACILITY_2,FEMALE,TRANSFER,HISPANIC,months_3_6
US_OZ,0006324168,25-29,FACILITY_2,FEMALE,TRANSFER,WHITE,months_3_6
US_OZ,0006475507,25-29,FACILITY_2,FEMALE,TRANSFER,BLACK,months_9_12
US_OZ,0000537287,25-29,FACILITY_2,FEMALE,TRANSFER,WHITE,months_9_12
US_OZ,0004203799,25-29,FACILITY_2,FEMALE,TRANSFER,BLACK,months_12_18
US_OZ,0004154241,25-29,FACILITY_2,FEMALE,TRANSFER,BLACK,months_12_18
US_OZ,0002737332,25-29,FACILITY_2,FEMALE,TRANSFER,HISPANIC,months_12_18
US_OZ,0007824277,25-29,FACILITY_2,FEMALE,TRANSFER,HISPANIC,months_12_18
US_OZ,0008050484,25-29,FACILITY_2,FEMALE,TRANSFER,WHITE,months_12_18
US_OZ,0008633123,25-29,FACILITY_2,FEMALE,TRANSFER,WHITE,months_12_18
US_OZ,0007979401,25-29,FACILITY_2,FEMALE,TRANSFER,BLACK,months_18_24
US_OZ,0006570315,25-29,FACILITY_2,FEMALE,TRANSFER,HISPANIC,months_18_24
US_OZ,0009137064,25-29,FACILITY_2,FEMALE,TRANSFER,WHITE,months_18_24
US_OZ,0003848034,25-29,FACILITY_2,FEMALE,TRANSFER,WHITE,months_18_24
US_OZ,0009439262,25-29,FACILITY_3,MALE,TRANSFER,BLACK,months_3_6
US_OZ,0003576022,25-29,FACILITY_3,MALE,TRANSFER,WHITE,months_3_6
US_OZ,0003406890,25-29,FACILITY_3,MALE,TRANSFER,BLACK,months_12_18
US_OZ,0005699170,25-29,FACILITY_3,MALE,TRANSFER,WHITE,months_12_18
US_OZ,0009017021,25-29,FACILITY_3,MALE,TRANSFER,WHITE,months_12_18
US_OZ,0005250230,25-29,FACILITY_3,MALE,TRANSFER,HISPANIC,months_18_24
US_OZ,0001602454,25-29,FACILITY_3,MALE,TRANSFER,HISPANIC,months_18_24
US_OZ,0009382943,25-29,FACILITY_3,FEMALE,TRANSFER,BLACK,months_3_6
US_OZ,0008890708,25-29,FACILITY_3,FEMALE,TRANSFER,HISPANIC,months_3_6
US_OZ,0007250608,25-29,FACILITY_3,FEMALE,TRANSFER,HISPANIC,months_3_6
US_OZ,0008795266,25-29,FACILITY_3,FEMALE,TRANSFER,WHITE,months_3_6
US_OZ,0004153912,25-29,FACILITY_3,FEMALE,TRANSFER,BLACK,months_9_12
US_OZ,0002488007,25-29,FACILITY_3,FEMALE,TRANSFER,BLACK,months_9_12
US_OZ,0004363428,25-29,FACILITY_3,FEMALE,TRANSFER,HISPANIC,months_9_12
US_OZ,0009182805,25-29,FACILITY_3,FEMALE,TRANSFER,HISPANIC,months_9_12
US_OZ,0005466822,25-29,FACILITY_3,FEMALE,TRANSFER,WHITE,months_9_12
US_OZ,0009250683,25-29,FACILITY_3,FEMALE,TRANSFER,WHITE,months_9_12
US_OZ,0009189043,25-29,FACILITY_3,FEMALE,TRANSFER,BLACK,months_12_18
US_OZ,0009752512,25-29,FACILITY_3,FEMALE,TRANSFER,BLACK,months_12_18
US_OZ,0008848648,25-29,FACILITY_3,FEMALE,TRANSFER,HISPANIC,months_12_18
US_OZ,0009904936,25-29,FACILITY_3,FEMALE,TRANSFER,HISPANIC,months_12_18
US_OZ,0009445624,25-29,FACILITY_3,FEMALE,TRANSFER,BLACK,months_18_24
US_OZ,0006457892,25-29,FACILITY_3,FEMALE,TRANSFER,BLACK,months_18_24
US_OZ,0002374796,25-29,FACILITY_3,FEMALE,TRANSFER,HISPANIC,months_18_24
US_OZ,0004380812,25-29,FACILITY_3,FEMALE,TRANSFER,WHITE,months_18_24
US_OZ,0008112516,25-29,FACILITY_4,MALE,TRANSFER,BLACK,months_3_6
US_OZ,0004708996,25-29,FACILITY_4,MALE,TRANSFER,HISPANIC,months_3_6
US_OZ,0007537242,25-29,FACILITY_4,MALE,TRANSFER,HISPANIC,months_3_6
US_OZ,0003406233,25-29,FACILITY_4,MALE,TRANSFER,WHITE,months_3_6
US_OZ,0005706079,25-29,FACILITY_4,MALE,TRANSFER,WHITE,months_3_6
US_OZ,0009556422,25-29,FACILITY_4,MALE,TRANSFER,BLACK,months_9_12
US_OZ,0005300038,25-29,FACILITY_4,MALE,TRANSFER,BLACK,months_9_12
US_OZ,0005884993,25-29,FACILITY_4,MALE,TRANSFER,HISPANIC,months_9_12
US_OZ,0001307696,25-29,FACILITY_4,MALE,TRANSFER,WHITE,months_9_12
US_OZ,0000519016,25-29,FACILITY_4,MALE,TRANSFER,BLACK,months_12_18
US_OZ,0008246985,25-29,FACILITY_4,MALE,TRANSFER,BLACK,months_12_18
US_OZ,0001166047,25-29,FACILITY_4,MALE,TRANSFER,HISPANIC,months_12_18
US_OZ,0002674608,25-29,FACILITY_4,MALE,TRANSFER,BLACK,months_18_24
US_OZ,0002123871,25-29,FACILITY_4,MALE,TRANSFER,BLACK,months_18_24
US_OZ,0004829065,25-29,FACILITY_4,MALE,TRANSFER,WHITE,months_18_24
US_OZ,0002060288,25-29,FACILITY_4,FEMALE,TRANSFER,BLACK,months_3_6
US_OZ,0008893539,25-29,FACILITY_4,FEMALE,TRANSFER,HISPANIC,months_3_6
US_OZ,0006429040,25-29,FACILITY_4,FEMALE,TRANSFER,WHITE,months_3_6
US_OZ,0009661100,25-29,FACILITY_4,FEMALE,TRANSFER,BLACK,months_9_12
US_OZ,0000979431,25-29,FACILITY_4,FEMALE,TRANSFER,BLACK,months_9_12
US_OZ,0005758966,25-29,FACILITY_4,FEMALE,TRANSFER,HISPANIC,months_9_12
US_OZ,0009373273,25-29,FACILITY_4,FEMALE,TRANSFER,HISPANIC,months_9_12
US_OZ,0000005252,25-29,FACILITY_4,FEMALE,TRANSFER,WHITE,months_9_12
US_OZ,0003527378,25-29,FACILITY_4,FEMALE,TRANSFER,BLACK,months_12_18
US_OZ,0008347663,25-29,FACILITY_4,FEMALE,TRANSFER,HISPANIC,months_12_18
US_OZ,0003568897,25-29,FACILITY_4,FEMALE,TRANSFER,HISPANIC,months_12_18
US_OZ,0002834022,25-29,FACILITY_4,FEMALE,TRANSFER,WHITE,months_12_18
US_OZ,0009192350,25-29,FACILITY_4,FEMALE,TRANSFER,WHITE,months_12_18
US_OZ,0008915970,25-29,FACILITY_4,FEMALE,TRANSFER,HISPANIC,months_18_24
US_OZ,0004170183,25-29,FACILITY_4,FEMALE,TRANSFER,HISPANIC,months_18_24
US_OZ,0007207118,25-29,FACILITY_4,FEMALE,TRANSFER,WHITE,months_18_24
US_OZ,0008186583,25-29,FACILITY_4,FEMALE,TRANSFER,WHITE,months_18_24
US_OZ,0004844208,25-29,FACILITY_5,MALE,TRANSFER,BLACK,months_3_6
US_OZ,0000254575,25-29,FACILITY_5,MALE,TRANSFER,BLACK,months_3_6
US_OZ,0001364166,25-29,FACILITY_5,MALE,TRANSFER,WHITE,months_9_12
US_OZ,0005408372,25-29,FACILITY_5,MALE,TRANSFER,BLACK,months_12_18
US_OZ,0007775563,25-29,FACILITY_5,MALE,TRANSFER,BLACK,months_12_18
US_OZ,0001594989,25-29,FACILITY_5,MALE,TRANSFER,HISPANIC,months_12_18
US_OZ,0002727209,25-29,FACILITY_5,MALE,TRANSFER,WHITE,months_12_18
US_OZ,0009523753,25-29,FACILITY_5,MALE,TRANSFER,WHITE,months_12_18
US_OZ,0007824219,25-29,FACILITY_5,MALE,TRANSFER,BLACK,months_18_24
US_OZ,0003816133,25-29,FACILITY_5,MALE,TRANSFER,BLACK,months_18_24
US_OZ,0001225891,25-29,FACILITY_5,MALE,TRANSFER,HISPANIC,months_18_24
US_OZ,0002563783,25-29,FACILITY_5,MALE,TRANSFER,WHITE,months_18_24
US_OZ,0008999562,25-29,FACILITY_5,MALE,TRANSFER,WHITE,months_18_24
US_OZ,0004857706,25-29,FACILITY_5,FEMALE,TRANSFER,BLACK,months_3_6
US_OZ,0004965937,25-29,FACILITY_5,FEMALE,TRANSFER,HISPANIC,months_3_6
US_OZ,0006758239,25-29,FACILITY_5,FEMALE,TRANSFER,BLACK,months_9_12
US_OZ,0009599309,25-29,FACILITY_5,FEMALE,TRANSFER,HISPANIC,months_9_12
US_OZ,0004022940,25-29,FACILITY_5,FEMALE,TRANSFER,HISPANIC,months_9_12
US_OZ,0009433474,25-29,FACILITY_5,FEMALE,TRANSFER,WHITE,months_9_12
US_OZ,0008500162,25-29,FACILITY_5,FEMALE,TRANSFER,BLACK,months_12_18
US_OZ,0005395636,25-29,FACILITY_5,FEMALE,TRANSFER,BLACK,months_12_18
US_OZ,0006136229,25-29,FACILITY_5,FEMALE,TRANSFER,HISPANIC,months_18_24
US_OZ,0009787711,25-29,FACILITY_5,FEMALE,TRANSFER,HISPANIC,months_18_24
US_OZ,0005411692,30-34,FACILITY_1,MALE,TRANSFER,BLACK,months_3_6
US_OZ,0007652106,30-34,FACILITY_1,MALE,TRANSFER,BLACK,months_3_6
US_OZ,0003118876,30-34,FACILITY_1,MALE,TRANSFER,HISPANIC,months_3_6
US_OZ,0000005202,30-34,FACILITY_1,MALE,TRANSFER,WHITE,months_3_6
US_OZ,0009640096,30-34,FACILITY_1,MALE,TRANSFER,WHITE,months_3_6
US_OZ,0003983355,30-34,FACILITY_1,MALE,TRANSFER,HISPANIC,months_9_12
US_OZ,0005834240,30-34,FACILITY_1,MALE,TRANSFER,HISPANIC,months_9_12
US_OZ,0009178048,30-34,FACILITY_1,MALE,TRANSFER,WHITE,months_9_12
US_OZ,0009616258,30-34,FACILITY_1,MALE,TRANSFER,WHITE,months_9_12
US_OZ,0001691241,30-34,FACILITY_1,MALE,TRANSFER,HISPANIC,months_12_18
US_OZ,0001203323,30-34,FACILITY_1,MALE,TRANSFER,HISPANIC,months_18_24
US_OZ,0002198397,30-34,FACILITY_1,MALE,TRANSFER,WHITE,months_18_24
US_OZ,0003903528,30-34,FACILITY_1,FEMALE,TRANSFER,HISPANIC,months_3_6
US_OZ,0002739797,30-34,FACILITY_1,FEMALE,TRANSFER,HISPANIC,months_3_6
US_OZ,0002138540,30-34,FACILITY_1,FEMALE,TRANSFER,BLACK,months_9_12
US_OZ,0005413148,30-34,FACILITY_1,FEMALE,TRANSFER,BLACK,months_9_12
US_OZ,0005508552,30-34,FACILITY_1,FEMALE,TRANSFER,HISPANIC,months_9_12
US_OZ,0007190593,30-34,FACILITY_1,FEMALE,TRANSFER,HISPANIC,months_9_12
US_OZ,0004435466,30-34,FACILITY_1,FEMALE,TRANSFER,WHITE,months_9_12
US_OZ,0000057885,30-34,FACILITY_1,FEMALE,TRANSFER,WHITE,months_9_12
US_OZ,0009050241,30-34,FACILITY_1,FEMALE,TRANSFER,BLACK,months_12_18
US_OZ,0003241058,30-34,FACILITY_1,FEMALE,TRANSFER,WHITE,months_12_18
US_OZ,0002880962,30-34,FACILITY_1,FEMALE,TRANSFER,WHITE,months_12_18
US_OZ,0002210979,30-34,FACILITY_1,FEMALE,TRANSFER,BLACK,months_18_24
US_OZ,0004782140,30-34,FACILITY_1,FEMALE,TRANSFER,BLACK,months_18_24
US_OZ,0009496526,30-34,FACILITY_1,FEMALE,TRANSFER,HISPANIC,months_18_24
US_OZ,0003201651,30-34,FACILITY_1,FEMALE,TRANSFER,HISPANIC,months_18_24
US_OZ,0000949691,30-34,FACILITY_2,MALE,TRANSFER,BLACK,months_9_12
US_OZ,0005314281,30-34,FACILITY_2,MALE,TRANSFER,HISPANIC,months_9_12
US_OZ,0006276456,30-34,FACILITY_2,MALE,TRANSFER,HISPANIC,months_9_12
US_OZ,0004400209,30-34,FACILITY_2,MALE,TRANSFER,WHITE,months_9_12
US_OZ,0008306180,30-34,FACILITY_2,MALE,TRANSFER,BLACK,months_12_18
US_OZ,0004759763,30-34,FACILITY_2,MALE,TRANSFER,WHITE,months_12_18
US_OZ,0007139497,30-34,FACILITY_2,MALE,TRANSFER,WHITE,months_12_18
US_OZ,0003482031,30-34,FACILITY_2,MALE,TRANSFER,WHITE,months_18_24
US_OZ,0009175609,30-34,FACILITY_2,MALE,TRANSFER,WHITE,months_18_24
US_OZ,0002312260,30-34,FACILITY_2,FEMALE,TRANSFER,BLACK,months_3_6
US_OZ,0003198796,30-34,FACILITY_2,FEMALE,TRANSFER,BLACK,months_3_6
US_OZ,0004403987,30-34,FACILITY_2,FEMALE,TRANSFER,WHITE,months_9_12
US_OZ,0002026277,30-34,FACILITY_2,FEMALE,TRANSFER,BLACK,months_12_18
US_OZ,0006048902,30-34,FACILITY_2,FEMALE,TRANSFER,BLACK,months_12_18
US_OZ,0004846676,30-34,FACILITY_2,FEMALE,TRANSFER,HISPANIC,months_12_18
US_OZ,0003067222,30-34,FACILITY_2,FEMALE,TRANSFER,HISPANIC,months_12_18
US_OZ,0002695647,30-34,FACILITY_2,FEMALE,TRANSFER,WHITE,months_12_18
US_OZ,0003562857,30-34,FACILITY_2,FEMALE,TRANSFER,BLACK,months_18_24
US_OZ,0007071898,30-34,FACILITY_2,FEMALE,TRANSFER,BLACK,months_18_24
US_OZ,0009323706,30-34,FACILITY_2,FEMALE,TRANSFER,HISPANIC,months_18_24
US_OZ,0005899401,30-34,FACILITY_2,FEMALE,TRANSFER,HISPANIC,months_18_24
US_OZ,0005751888,30-34,FACILITY_3,MALE,TRANSFER,BLACK,months_3_6
US_OZ,0004991714,30-34,FACILITY_3,MALE,TRANSFER,WHITE,months_3_6
US_OZ,0000231783,30-34,FACILITY_3,MALE,TRANSFER,WHITE,months_3_6
US_OZ,0007421934,30-34,FACILITY_3,MALE,TRANSFER,BLACK,months_9_12
US_OZ,0002988463,30-34,FACILITY_3,MALE,TRANSFER,WHITE,months_9_12
US_OZ,0004659709,30-34,FACILITY_3,MALE,TRANSFER,BLACK,months_12_18
US_OZ,0008854941,30-34,FACILITY_3,MALE,TRANSFER,HISPANIC,months_12_18
US_OZ,0004201806,30-34,FACILITY_3,MALE,TRANSFER,WHITE,months_12_18
US_OZ,0008719372,30-34,FACILITY_3,MALE,TRANSFER,WHITE,months_12_18
US_OZ,0006325938,30-34,FACILITY_3,MALE,TRANSFER,HISPANIC,months_18_24
US_OZ,0002699632,30-34,FACILITY_3,MALE,TRANSFER,HISPANIC,months_18_24
US_OZ,0002408495,30-34,FACILITY_3,MALE,TRANSFER,WHITE,months_18_24
US_OZ,0002952351,30-34,FACILITY_3,MALE,TRANSFER,WHITE,months_18_24
US_OZ,0000628167,30-34,FACILITY_3,FEMALE,TRANSFER,BLACK,months_9_12
US_OZ,0009438487,30-34,FACILITY_3,FEMALE,TRANSFER,WHITE,months_9_12
US_OZ,0004568627,30-34,FACILITY_3,FEMALE,TRANSFER,WHITE,months_9_12
US_OZ,0008817126,30-34,FACILITY_3,FEMALE,TRANSFER,BLACK,months_12_18
US_OZ,0005957592,30-34,FACILITY_3,FEMALE,TRANSFER,BLACK,months_12_18
US_OZ,0005557321,30-34,FACILITY_3,FEMALE,TRANSFER,HISPANIC,months_12_18
US_OZ,0004982648,30-34,FACILITY_3,FEMALE,TRANSFER,WHITE,months_12_18
US_OZ,0003775561,30-34,FACILITY_3,FEMALE,TRANSFER,WHITE,months_12_18
US_OZ,0007942955,30-34,FACILITY_3,FEMALE,TRANSFER,WHITE,months_18_24
US_OZ,0003486555,30-34,FACILITY_4,MALE,TRANSFER,BLACK,months_9_12
US_OZ,0007857000,30-34,FACILITY_4,MALE,TRANSFER,BLACK,months_9_12
US_OZ,0008867536,30-34,FACILITY_4,MALE,TRANSFER,HISPANIC,months_9_12
US_OZ,0005392689,30-34,FACILITY_4,MALE,TRANSFER,HISPANIC,months_9_12
US_OZ,0004936941,30-34,FACILITY_4,MALE,TRANSFER,WHITE,months_9_12
US_OZ,0003985724,30-34,FACILITY_4,MALE,TRANSFER,WHITE,months_9_12
US_OZ,0000105870,30-34,FACILITY_4,MALE,TRANSFER,BLACK,months_12_18
US_OZ,0008538919,30-34,FACILITY_4,MALE,TRANSFER,HISPANIC,months_12_18
US_OZ,0000790535,30-34,FACILITY_4,MALE,TRANSFER,WHITE,months_12_18
US_OZ,0001467874,30-34,FACILITY_4,MALE,TRANSFER,HISPANIC,months_18_24
US_OZ,0006507698,30-34,FACILITY_4,MALE,TRANSFER,WHITE,months_18_24
US_OZ,0000157059,30-34,FACILITY_4,MALE,TRANSFER,WHITE,months_18_24
US_OZ,0002764004,30-34,FACILITY_4,FEMALE,TRANSFER,BLACK,months_3_6
US_OZ,0004070034,30-34,FACILITY_4,FEMALE,TRANSFER,BLACK,months_3_6
US_OZ,0007202873,30-34,FACILITY_4,FEMALE,TRANSFER,BLACK,months_9_12
US_OZ,0004493207,30-34,FACILITY_4,FEMALE,TRANSFER,HISPANIC,months_9_12
US_OZ,0000890821,30-34,FACILITY_4,FEMALE,TRANSFER,WHITE,months_9_12
US_OZ,0003662822,30-34,FACILITY_4,FEMALE,TRANSFER,BLACK,months_12_18
US_OZ,0003104888,30-34,FACILITY_4,FEMALE,TRANSFER,BLACK,months_18_24
US_OZ,0005193046,30-34,FACILITY_4,FEMALE,TRANSFER,BLACK,months_18_24
US_OZ,0007093133,30-34,FACILITY_4,FEMALE,TRANSFER,HISPANIC,months_18_24
US_OZ,0005040177,30-34,FACILITY_4,FEMALE,TRANSFER,HISPANIC,months_18_24
US_OZ,0007579097,30-34,FACILITY_5,MALE,TRANSFER,BLACK,months_3_6
US_OZ,0006220085,30-34,FACILITY_5,MALE,TRANSFER,BLACK,months_3_6
US_OZ,0000585139,30-34,FACILITY_5,MALE,TRANSFER,WHITE,months_3_6
US_OZ,0004810658,30-34,FACILITY_5,MALE,TRANSFER,BLACK,months_9_12
US_OZ,0006354155,30-34,FACILITY_5,MALE,TRANSFER,BLACK,months_9_12
US_OZ,0003076187,30-34,FACILITY_5,MALE,TRANSFER,WHITE,months_9_12
US_OZ,0009458503,30-34,FACILITY_5,MALE,TRANSFER,HISPANIC,months_12_18
US_OZ,0008436404,30-34,FACILITY_5,FEMALE,TRANSFER,BLACK,months_3_6
US_OZ,0007649859,30-34,FACILITY_5,FEMALE,TRANSFER,HISPANIC,months_3_6
US_OZ,0004966822,30-34,FACILITY_5,FEMALE,TRANSFER,BLACK,months_9_12
US_OZ,0007708560,30-34,FACILITY_5,FEMALE,TRANSFER,HISPANIC,months_9_12
US_OZ,0004344102,30-34,FACILITY_5,FEMALE,TRANSFER,HISPANIC,months_9_12
US_OZ,0001299065,30-34,FACILITY_5,FEMALE,TRANSFER,WHITE,months_9_12
US_OZ,0002724594,30-34,FACILITY_5,FEMALE,TRANSFER,BLACK,months_12_18
US_OZ,0008865637,30-34,FACILITY_5,FEMALE,TRANSFER,HISPANIC,months_12_18
US_OZ,0004236214,30-34,FACILITY_5,FEMALE,TRANSFER,HISPANIC,months_12_18
US_OZ,0006163377,30-34,FACILITY_5,FEMALE,TRANSFER,BLACK,months_18_24
US_OZ,0007909023,30-34,FACILITY_5,FEMALE,TRANSFER,HISPANIC,months_18_24
US_OZ,0000312246,30-34,FACILITY_5,FEMALE,TRANSFER,WHITE,months_18_24
US_OZ,0000710313,60+,FACILITY_1,MALE,TRANSFER,BLACK,months_3_6
US_OZ,0009026705,60+,FACILITY_1,MALE,TRANSFER,BLACK,months_3_6
US_OZ,0005480990,60+,FACILITY_1,MALE,TRANSFER,HISPANIC,months_3_6
US_OZ,0001342435,60+,FACILITY_1,MALE,TRANSFER,WHITE,months_3_6
US_OZ,0008501886,60+,FACILITY_1,MALE,TRANSFER,WHITE,months_3_6
US_OZ,0002329159,60+,FACILITY_1,MALE,TRANSFER,BLACK,months_9_12
US_OZ,0005096722,60+,FACILITY_1,MALE,TRANSFER,HISPANIC,months_9_12
US_OZ,0007835401,60+,FACILITY_1,MALE,TRANSFER,HISPANIC,months_9_12
US_OZ,0006150893,60+,FACILITY_1,MALE,TRANSFER,WHITE,months_9_12
US_OZ,0005286494,60+,FACILITY_1,MALE,TRANSFER,WHITE,months_9_12
US_OZ,0008122849,60+,FACILITY_1,MALE,TRANSFER,HISPANIC,months_12_18
US_OZ,0008085673,60+,FACILITY_1,MALE,TRANSFER,HISPANIC,months_12_18
US_OZ,0002975504,60+,FACILITY_1,MALE,TRANSFER,WHITE,months_12_18
US_OZ,0006353985,60+,FACILITY_1,MALE,TRANSFER,BLACK,months_18_24
US_OZ,0005646531,60+,FACILITY_1,MALE,TRANSFER,WHITE,months_18_24
US_OZ,0000745746,60+,FACILITY_1,MALE,TRANSFER,WHITE,months_18_24
US_OZ,0005922804,60+,FACILITY_1,FEMALE,TRANSFER,HISPANIC,months_3_6
US_OZ,0008752244,60+,FACILITY_1,FEMALE,TRANSFER,WHITE,months_3_6
US_OZ,0007001101,60+,FACILITY_1,FEMALE,TRANSFER,HISPANIC,months_9_12
US_OZ,0008710653,60+,FACILITY_1,FEMALE,TRANSFER,HISPANIC,months_12_18
US_OZ,0006027203,60+,FACILITY_1,FEMALE,TRANSFER,HISPANIC,months_12_18
US_OZ,0001146324,60+,FACILITY_1,FEMALE,TRANSFER,WHITE,months_12_18
US_OZ,0004596042,60+,FACILITY_1,FEMALE,TRANSFER,BLACK,months_18_24
US_OZ,0005593486,60+,FACILITY_1,FEMALE,TRANSFER,HISPANIC,months_18_24
US_OZ,0000076294,60+,FACILITY_1,FEMALE,TRANSFER,HISPANIC,months_18_24
US_OZ,0008938240,60+,FACILITY_2,MALE,TRANSFER,WHITE,months_3_6
US_OZ,0006464143,60+,FACILITY_2,MALE,TRANSFER,WHITE,months_3_6
US_OZ,0006676160,60+,FACILITY_2,MALE,TRANSFER,BLACK,months_9_12
US_OZ,0005065863,60+,FACILITY_2,MALE,TRANSFER,BLACK,months_9_12
US_OZ,0005677551,60+,FACILITY_2,MALE,TRANSFER,WHITE,months_9_12
US_OZ,0000232463,60+,FACILITY_2,MALE,TRANSFER,WHITE,months_9_12
US_OZ,0004995803,60+,FACILITY_2,MALE,TRANSFER,WHITE,months_12_18
US_OZ,0002717774,60+,FACILITY_2,MALE,TRANSFER,WHITE,months_12_18
US_OZ,0002772449,60+,FACILITY_2,MALE,TRANSFER,BLACK,months_18_24
US_OZ,0003711921,60+,FACILITY_2,MALE,TRANSFER,HISPANIC,months_18_24
US_OZ,0007953033,60+,FACILITY_2,MALE,TRANSFER,HISPANIC,months_18_24
US_OZ,0001797100,60+,FACILITY_2,MALE,TRANSFER,WHITE,months_18_24
US_OZ,0000438290,60+,FACILITY_2,FEMALE,TRANSFER,BLACK,months_3_6
US_OZ,0005936128,60+,FACILITY_2,FEMALE,TRANSFER,HISPANIC,months_3_6
US_OZ,0006299368,60+,FACILITY_2,FEMALE,TRANSFER,HISPANIC,months_3_6
US_OZ,0003988860,60+,FACILITY_2,FEMALE,TRANSFER,BLACK,months_9_12
US_OZ,0002404622,60+,FACILITY_2,FEMALE,TRANSFER,BLACK,months_9_12
US_OZ,0008774117,60+,FACILITY_2,FEMALE,TRANSFER,WHITE,months_9_12
US_OZ,0006043890,60+,FACILITY_2,FEMALE,TRANSFER,WHITE,months_9_12
US_OZ,0000977054,60+,FACILITY_2,FEMALE,TRANSFER,BLACK,months_12_18
US_OZ,0004149352,60+,FACILITY_2,FEMALE,TRANSFER,BLACK,months_12_18
US_OZ,0001960777,60+,FACILITY_2,FEMALE,TRANSFER,HISPANIC,months_12_18
US_OZ,0000817208,60+,FACILITY_2,FEMALE,TRANSFER,HISPANIC,months_12_18
US_OZ,0002059061,60+,FACILITY_2,FEMALE,TRANSFER,BLACK,months_18_24
US_OZ,0000772634,60+,FACILITY_2,FEMALE,TRANSFER,BLACK,months_18_24
US_OZ,0001953234,60+,FACILITY_3,MALE,TRANSFER,HISPANIC,months_3_6
US_OZ,0002097288,60+,FACILITY_3,MALE,TRANSFER,HISPANIC,months_3_6
US_OZ,0008480436,60+,FACILITY_3,MALE,TRANSFER,HISPANIC,months_9_12
US_OZ,0006766246,60+,FACILITY_3,MALE,TRANSFER,HISPANIC,months_9_12
US_OZ,0006527018,60+,FACILITY_3,MALE,TRANSFER,WHITE,months_9_12
US_OZ,0006035724,60+,FACILITY_3,MALE,TRANSFER,WHITE,months_9_12
US_OZ,0003870519,60+,FACILITY_3,MALE,TRANSFER,WHITE,months_18_24
US_OZ,0001440798,60+,FACILITY_3,MALE,TRANSFER,WHITE,months_18_24
US_OZ,0006393846,60+,FACILITY_3,FEMALE,TRANSFER,BLACK,months_3_6
US_OZ,0003054381,60+,FACILITY_3,FEMALE,TRANSFER,HISPANIC,months_3_6
US_OZ,0006675401,60+,FACILITY_3,FEMALE,TRANSFER,BLACK,months_9_12
US_OZ,0000522251,60+,FACILITY_3,FEMALE,TRANSFER,BLACK,months_9_12
US_OZ,0006462258,60+,FACILITY_3,FEMALE,TRANSFER,HISPANIC,months_9_12
US_OZ,0005785135,60+,FACILITY_3,FEMALE,TRANSFER,HISPANIC,months_9_12
US_OZ,0003254294,60+,FACILITY_3,FEMALE,TRANSFER,WHITE,months_9_12
US_OZ,0007190755,60+,FACILITY_3,FEMALE,TRANSFER,WHITE,months_9_12
US_OZ,0007331083,60+,FACILITY_3,FEMALE,TRANSFER,WHITE,months_12_18
US_OZ,0003220366,60+,FACILITY_3,FEMALE,TRANSFER,BLACK,months_18_24
US_OZ,0004595994,60+,FACILITY_3,FEMALE,TRANSFER,HISPANIC,months_18_24
US_OZ,0008985844,60+,FACILITY_4,MALE,TRANSFER,BLACK,months_3_6
US_OZ,0008022318,60+,FACILITY_4,MALE,TRANSFER,BLACK,months_3_6
US_OZ,0001550656,60+,FACILITY_4,MALE,TRANSFER,HISPANIC,months_3_6
US_OZ,0007136369,60+,FACILITY_4,MALE,TRANSFER,HISPANIC,months_3_6
US_OZ,0006750423,60+,FACILITY_4,MALE,TRANSFER,WHITE,months_3_6
US_OZ,0007284816,60+,FACILITY_4,MALE,TRANSFER,WHITE,months_3_6
US_OZ,0005464999,60+,FACILITY_4,MALE,TRANSFER,BLACK,months_9_12
US_OZ,0000183561,60+,FACILITY_4,MALE,TRANSFER,BLACK,months_9_12
US_OZ,0004844423,60+,FACILITY_4,MALE,TRANSFER,HISPANIC,months_9_12
US_OZ,0009751429,60+,FACILITY_4,MALE,TRANSFER,HISPANIC,months_9_12
US_OZ,0004101852,60+,FACILITY_4,MALE,TRANSFER,WHITE,months_9_12
US_OZ,0008324265,60+,FACILITY_4,MALE,TRANSFER,BLACK,months_12_18
US_OZ,0001121632,60+,FACILITY_4,MALE,TRANSFER,HISPANIC,months_12_18
US_OZ,0003063978,60+,FACILITY_4,MALE,TRANSFER,BLACK,months_18_24
US_OZ,0000145287,60+,FACILITY_4,MALE,TRANSFER,BLACK,months_18_24
US_OZ,0002885899,60+,FACILITY_4,MALE,TRANSFER,HISPANIC,months_18_24
US_OZ,0000408524,60+,FACILITY_4,FEMALE,TRANSFER,HISPANIC,months_3_6
US_OZ,0008770185,60+,FACILITY_4,FEMALE,TRANSFER,WHITE,months_3_6
US_OZ,0003645198,60+,FACILITY_4,FEMALE,TRANSFER,WHITE,months_3_6
US_OZ,0007596360,60+,FACILITY_4,FEMALE,TRANSFER,BLACK,months_9_12
US_OZ,0009432678,60+,FACILITY_4,FEMALE,TRANSFER,BLACK,months_9_12
US_OZ,0004402148,60+,FACILITY_4,FEMALE,TRANSFER,BLACK,months_12_18
US_OZ,0004837017,60+,FACILITY_4,FEMALE,TRANSFER,BLACK,months_12_18
US_OZ,0002807877,60+,FACILITY_4,FEMALE,TRANSFER,HISPANIC,months_12_18
US_OZ,0008303434,60+,FACILITY_4,FEMALE,TRANSFER,BLACK,months_18_24
US_OZ,0007577381,60+,FACILITY_4,FEMALE,TRANSFER,BLACK,months_18_24
US_OZ,0004431835,60+,FACILITY_5,MALE,TRANSFER,BLACK,months_3_6
US_OZ,0002958296,60+,FACILITY_5,MALE,TRANSFER,BLACK,months_3_6
US_OZ,0000217753,60+,FACILITY_5,MALE,TRANSFER,HISPANIC,months_3_6
US_OZ,0009472132,60+,FACILITY_5,MALE,TRANSFER,HISPANIC,months_3_6
US_OZ,0006098523,60+,FACILITY_5,MALE,TRANSFER,WHITE,months_3_6
US_OZ,0009679539,60+,FACILITY_5,MALE,TRANSFER,BLACK,months_9_12
US_OZ,0009008571,60+,FACILITY_5,MALE,TRANSFER,HISPANIC,months_9_12
US_OZ,0006993087,60+,FACILITY_5,MALE,TRANSFER,HISPANIC,months_9_12
US_OZ,0004722557,60+,FACILITY_5,MALE,TRANSFER,WHITE,months_9_12
US_OZ,0002822240,60+,FACILITY_5,MALE,TRANSFER,BLACK,months_12_18
US_OZ,0001417133,60+,FACILITY_5,MALE,TRANSFER,BLACK,months_12_18
US_OZ,0000956495,60+,FACILITY_5,MALE,TRANSFER,HISPANIC,months_12_18
US_OZ,0006300121,60+,FACILITY_5,MALE,TRANSFER,HISPANIC,months_12_18
US_OZ,0000017839,60+,FACILITY_5,MALE,TRANSFER,BLACK,months_18_24
US_OZ,0001654068,60+,FACILITY_5,MALE,TRANSFER,HISPANIC,months_18_24
US_OZ,0001607428,60+,FACILITY_5,MALE,TRANSFER,HISPANIC,months_18_24
US_OZ,0002701316,60+,FACILITY_5,MALE,TRANSFER,WHITE,months_18_24
US_OZ,0003145197,60+,FACILITY_5,MALE,TRANSFER,WHITE,months_18_24
US_OZ,0001108673,60+,FACILITY_5,FEMALE,TRANSFER,HISPANIC,months_3_6
US_OZ,0003096286,60+,FACILITY_5,FEMALE,TRANSFER,HISPANIC,months_3_6
US_OZ,0008872785,60+,FACILITY_5,FEMALE,TRANSFER,WHITE,months_3_6
US_OZ,0004655946,60+,FACILITY_5,FEMALE,TRANSFER,WHITE,months_3_6
US_OZ,0004060171,60+,FACILITY_5,FEMALE,TRANSFER,BLACK,months_9_12
US_OZ,0008520557,60+,FACILITY_5,FEMALE,TRANSFER,BLACK,months_9_12
US_OZ,0008814365,60+,FACILITY_5,FEMALE,TRANSFER,HISPANIC,months_9_12
US_OZ,0003150671,60+,FACILITY_5,FEMALE,TRANSFER,BLACK,months_12_18
US_OZ,0007702406,60+,FACILITY_5,FEMALE,TRANSFER,BLACK,months_12_18
US_OZ,0001429007,60+,FACILITY_5,FEMALE,TRANSFER,WHITE,months_12_18
US_OZ,0001669796,60+,FACILITY_5,FEMALE,TRANSFER,BLACK,months_18_24
US_OZ,0008003902,60+,FACILITY_5,FEMALE,TRANSFER,BLACK,months_18_24
US_OZ,0002898095,60+,FACILITY_5,FEMALE,TRANSFER,HISPANIC,months_18_24
US_OZ,0006291330,60+,FACILITY_5,FEMALE,TRANSFER,HISPANIC,months_18_24
